frame,x,y,vx,vy,speed,direction,distance_since_last_hit
0,892.0,645.0,0.0,0.0,0.0,0,0.0
1,892.0,645.0,0.0,0.0,0.0,0,0.0
2,892.0,645.0,0.0,0.0,0.0,0,0.0
3,892.0,645.0,0.0,0.0,0.0,0,0.0
4,892.0,645.0,0.0,0.0,0.0,0,0.0
5,892.0,645.0,0.0,0.0,0.0,0,0.0
6,892.0,645.0,0.0,0.0,0.0,0,0.0
7,892.0,645.0,0.0,0.0,0.0,0,0.0
8,892.0,645.0,0.0,0.0,0.0,0,0.0
9,892.0,645.0,0.0,0.0,0.0,0,0.0
10,892.0,645.0,0.0,0.0,0.0,0,0.0
11,892.0,645.0,0.0,0.0,0.0,0,0.0
12,892.0,645.0,0.0,0.0,0.0,0,0.0
13,892.0,645.0,0.0,0.0,0.0,0,0.0
14,892.0,645.0,0.0,0.0,0.0,0,0.0
15,892.0,645.0,0.0,0.0,0.0,0,0.0
16,892.0,645.0,0.0,0.0,0.0,0,0.0
17,892.0,645.0,0.0,0.0,0.0,0,0.0
18,892.0,645.0,0.0,0.0,0.0,0,0.0
19,892.0,645.0,0.0,0.0,0.0,0,0.0
20,892.0,645.0,0.0,0.0,0.0,0,0.0
21,892.0,645.0,0.0,0.0,0.0,0,0.0
22,892.0,645.0,0.0,0.0,0.0,0,0.0
23,892.0,645.0,0.0,0.0,0.0,0,0.0
24,892.0,645.0,0.0,0.0,0.0,0,0.0
25,892.0,645.0,0.0,0.0,0.0,0,0.0
26,892.0,645.0,0.0,0.0,0.0,0,0.0
27,892.0,645.0,0.0,0.0,0.0,0,0.0
28,885.0,649.6666666666666,-58.3691074495833,38.91273829972189,70.15093660417973,0,0.0
29,878.0,654.3333333333334,-58.734469741677486,39.15631316111896,70.59004743026914,0,0.0
30,871.0,659.0,-59.68767381722966,39.79178254481945,71.73565615373013,0,0.0
31,872.0,659.0,8.638858451626723,0.0,8.638858451626723,1,0.0
32,863.5,666.25,-70.5682700358467,60.190583265869236,92.75121050281616,0,11.171951485752167
33,855.0,673.5,-71.49233672296897,60.9787577931206,93.9657549967138,0,22.343902971504335
34,846.5,680.75,-71.04527365662645,60.59743929535785,93.37815889221376,0,33.5158544572565
35,838.0,688.0,-72.5050110633867,61.84250943641806,95.29676071459767,0,44.68780594300866
36,828.0,698.0,-86.22821065788959,86.22821065788959,121.94510497155171,0,58.82994156673961
37,828.0,698.0,0.0,0.0,0.0,0,58.82994156673961
38,819.0,704.0,-77.59964642156007,51.73309761437338,93.2631680436035,0,69.64659539313158
39,810.0,716.0,-77.54114645599418,103.38819527465891,129.23524409332364,0,84.64659539313158
40,804.0,729.0,-50.98765517143569,110.473252871444,121.67202053010891,0,98.96441645640795
41,797.0,742.0,-59.70794482326647,110.88618324320916,125.93960580081547,0,113.72923951664134
42,785.0,757.0,-102.47568089226051,128.09460111532564,164.0411290171669,0,132.9386122289399
43,785.0,757.0,0.0,0.0,0.0,0,132.9386122289399
44,788.5333333333333,741.9333333333333,29.53919684062094,-125.95959407510213,129.37690477652282,1,0.0
45,792.0666666666667,726.8666666666667,29.496806741199514,-125.7788362926586,129.1912429968188,1,15.475428552673037
46,795.6,711.8,29.492228141502615,-125.75931245244664,129.1711894706499,1,30.95085710534616
47,799.1333333333333,696.7333333333333,29.750778170799837,-126.86180880378856,130.3035967835775,1,46.42628565801917
48,802.6666666666666,681.6666666666666,29.45260640556545,-125.59035938977117,128.99765267528335,1,61.90171421069229
49,806.2,666.6,29.23674891956015,-124.66991048717757,128.0522317972876,1,77.37714276336533
50,809.7333333333333,651.5333333333333,29.53254512785231,-125.93123016782458,129.3477713503802,1,92.85257131603845
51,813.2666666666667,636.4666666666667,29.190448877543265,-124.472480119336,127.84944510138072,1,108.32799986871146
52,816.8,621.4,29.378223322648196,-125.27317869657685,128.67186680210972,1,123.80342842138458
53,820.3333333333334,606.3333333333334,29.21813064151037,-124.5905193392672,127.97068675057066,1,139.2788569740576
54,823.8666666666667,591.2666666666667,29.465665117154266,-125.64604370711216,129.05484772005204,1,154.7542855267307
55,827.4,576.2,29.80570644012503,-127.0960312352507,130.5441737196522,1,170.22971407940372
56,830.9333333333333,561.1333333333333,29.43125724037559,-125.49932332688611,128.90414678456028,1,185.70514263207684
57,834.4666666666667,546.0666666666666,29.58814653910317,-126.16832297806005,129.59129653921792,1,201.18057118474997
58,838.0,531.0,30.579896607982217,-130.39729496988704,133.93500144480012,1,216.65599973742297
59,839.0,514.0,8.714585796296257,-148.14795853703637,148.40404854414336,1,233.6853861033494
60,842.0,501.0,26.10968926700213,-113.14198682367588,116.11556767302243,1,247.02705016747575
61,842.0,501.0,0.0,0.0,0.0,0,247.02705016747575
62,845.6666666666666,487.6666666666667,30.445312412358792,-110.71022695403296,114.82016983134807,0,260.8553625092701
63,849.3333333333334,474.3333333333333,30.581042771515808,-111.20379189641913,115.33205759516898,0,274.6836748510645
64,853.0,461.0,31.6658355107419,-115.14849276633521,119.42319927447981,0,288.51198719285884
65,859.0,452.0,52.44606349590073,-78.6690952438511,94.54848556535512,0,299.3286410192508
66,860.6666666666666,444.0,13.84423231803087,-66.45231512654969,67.87910543130246,0,307.500408134005
67,862.3333333333334,436.0,13.845411374333745,-66.45797459679895,67.88488641541139,0,315.6721752487592
68,864.0,428.0,14.511375069368288,-69.65460033296937,71.15014654903797,0,323.84394236351335
69,868.0,419.0,34.692053829166014,-78.05712111562353,85.41927625392803,0,333.69280016530945
70,874.0,411.0,52.4963891009675,-69.99518546795666,87.49398183494583,0,343.6928001653094
71,874.0,402.0,0.0,-78.32467963614634,78.32467963614634,0,352.6928001653094
72,875.6,395.2,13.230851611249856,-56.23111934781118,57.766722405435964,0,359.6784998439386
73,877.2,388.4,13.381654599510858,-56.87203204792043,58.42513764708046,0,366.6641995225678
74,878.8,381.6,13.360235555032757,-56.78100110889206,58.33162076450442,0,373.6498992011969
75,880.4,374.8,13.288226127419623,-56.474961041532694,58.01722311741638,0,380.6355988798261
76,882.0,368.0,13.9243585992827,-59.178524046950734,60.79461712007852,0,387.6212985584553
77,884.0,363.0,17.526802279907066,-43.81700569976766,47.19235940968016,0,393.0064633655898
78,889.0,357.0,43.81700569976766,-52.5804068397212,68.44435091316208,0,400.8167130414965
79,889.0,357.0,0.0,0.0,0.0,0,400.8167130414965
80,891.0,350.0,17.54759030977996,-61.416566084229856,63.874192873636034,0,408.096822930777
81,892.0,345.0,8.72228784375052,-43.6114392187526,44.475115918457035,0,413.1958424443698
82,895.0,341.0,26.352420803960744,-35.13656107194766,43.920701339934574,0,418.1958424443698
83,898.0,336.0,24.972288762093772,-41.62048127015629,48.537404825318234,0,424.0267943392151
84,899.3333333333334,333.6666666666667,11.033714973815554,-19.309001204176514,22.239163510039933,0,426.71421358864797
85,900.6666666666666,331.3333333333333,11.085330907105664,-19.39932908743633,22.34319874956774,0,429.40163283808084
86,902.0,329.0,11.743643695564097,-20.55137646723642,23.670070594454113,0,432.0890520875137
87,905.0,327.0,26.33328380417426,-17.555522536116175,31.64866833576524,0,435.6946033629777
88,906.0,326.0,8.774400856875083,-8.774400856875083,12.40887669349085,0,437.1088169253508
89,908.0,323.0,15.888538277086024,-23.832807415629038,28.643469725102964,0,440.7143682008148
90,909.6666666666666,322.0,13.867136409141148,-8.320281845484878,16.171721064192063,0,442.65801883242983
91,911.3333333333334,321.0,13.90733228687809,-8.344399372126475,16.218597110082808,0,444.60166946404496
92,913.0,320.0,13.806526452032232,-8.283915871219527,16.101038315341917,0,446.54532009566
93,914.6666666666666,319.0,13.828786056423901,-8.29727163385453,16.12699725182314,0,448.488970727275
94,916.3333333333334,318.0,13.497662055139426,-8.098597233083288,15.74084362727916,0,450.4326213588901
95,918.0,317.0,13.810099541408544,-8.286059724845314,16.10520521779577,0,452.37627199050513
96,919.6666666666666,316.0,13.866228692218828,-8.319737215331486,16.170662493450426,0,454.31992262212015
97,921.3333333333334,315.0,13.908134707466843,-8.344880824479727,16.2195328852533,0,456.2635732537353
98,923.0,314.0,13.825148607927243,-8.295089164756535,16.122755294382344,0,458.2072238853503
99,924.6666666666666,313.0,13.927892351902859,-8.356735411141905,16.242574060105966,0,460.1508745169653
100,926.3333333333334,312.0,13.935777798599714,-8.361466679159449,16.25176999217742,0,462.09452514858043
101,928.0,311.0,13.7892598853671,-8.273555931220448,16.080902211419215,0,464.03817578019544
102,929.6666666666666,310.0,13.808271852458756,-8.284963111475442,16.103073784526778,0,465.98182641181046
103,931.3333333333334,309.0,13.621381615910694,-8.172828969546046,15.885124188740889,0,467.9254770434256
104,933.0,308.0,14.582056539790083,-8.749233923874248,17.00545404228616,0,469.8691276750406
105,933.0,308.0,0.0,0.0,0.0,0,469.8691276750406
106,933.6842105263158,306.7368421052632,5.641768201201219,-10.415572063755196,11.845407964750008,0,471.3056902080886
107,934.3684210526316,305.4736842105263,5.657673414389587,-10.444935534258999,11.87880241348921,0,472.7422527411366
108,935.0526315789474,304.2105263157895,5.667282044971586,-10.462674544562022,11.89897661156973,0,474.1788152741846
109,935.7368421052631,302.94736842105266,5.680744108746115,-10.48752758537828,11.927241444823864,0,475.6153778072326
110,936.421052631579,301.6842105263158,5.697537463332774,-10.518530701536992,11.962500627596922,0,477.05194034028074
111,937.1052631578947,300.42105263157896,5.679271391105531,-10.484808722041816,11.924149339539232,0,478.48850287332874
112,937.7894736842105,299.1578947368421,5.628644567599003,-10.391343817105419,11.817853696575227,0,479.92506540637686
113,938.4736842105264,297.89473684210526,5.653092879861128,-10.43647916281964,11.869185162609316,0,481.36162793942486
114,939.1578947368421,296.63157894736844,5.653426974498876,-10.437095952921833,11.86988662483719,0,482.79819047247287
115,939.8421052631579,295.36842105263156,5.659737635648782,-10.44874640427424,11.88313643467974,0,484.234753005521
116,940.5263157894736,294.10526315789474,5.642577979272594,-10.417067038657926,11.847108167821606,0,485.671315538569
117,941.2105263157895,292.8421052631579,5.642078773530634,-10.416145428055653,11.846060039740202,0,487.107878071617
118,941.8947368421053,291.57894736842104,5.633804842621861,-10.40087047868608,11.828688165606241,0,488.5444406046651
119,942.578947368421,290.3157894736842,5.640371048731206,-10.412992705350748,11.842474515448748,0,489.9810031377131
120,943.2631578947369,289.0526315789474,5.647485988213435,-10.426127978239286,11.85741298115618,0,491.4175656707611
121,943.9473684210526,287.7894736842105,5.548162295540155,-10.242761160998485,11.648873810755804,0,492.8541282038091
122,944.6315789473684,286.5263157894737,5.639395670054397,-10.411192006253371,11.840426618771065,0,494.29069073685713
123,945.3157894736842,285.2631578947368,5.668233507807031,-10.46443109133736,11.900974294753116,0,495.72725326990513
124,946.0,284.0,5.995660548066249,-11.068911781044426,12.588437290791187,0,497.16381580295314
125,946.0,277.0,0.0,-61.45101626058801,61.45101626058801,0,504.16381580295314
126,948.0,272.0,17.50566159008669,-43.764153975216715,47.13543636027053,0,509.54898061008765
127,948.0,273.0,0.0,8.784857795734396,8.784857795734396,1,0.0
128,949.0,265.0,8.847212085672943,-70.77769668538355,71.32850418855726,0,8.06225774829852
129,949.0,260.0,0.0,-44.19373872582902,44.19373872582902,0,13.06225774829852
130,950.0,255.0,8.801928981094223,-44.00964490547111,44.8812076318573,0,18.161277261891314
131,951.0,250.0,8.307510086535244,-41.53755043267621,42.36015604061208,0,23.260296775484107
132,952.0,245.0,8.8117666584732,-44.058833292366,44.93137014078114,0,28.3593162890769
133,951.5,244.0,-4.152768014320764,-8.305536028641528,9.285871574808048,1,0.0
134,951.0,243.0,-4.359557382126902,-8.719114764253804,9.74826665824678,1,1.1180339887498576
135,948.0,243.0,-24.819639665939476,0.0,24.819639665939476,1,4.118033988749858
136,945.0,243.0,-24.750413067082093,0.0,24.750413067082093,1,7.118033988749858
137,942.0,243.0,-24.948918105986554,0.0,24.948918105986554,1,10.118033988749858
138,939.0,243.0,-23.82224914804998,0.0,23.82224914804998,1,13.118033988749858
139,936.0,243.0,-24.85174761365858,0.0,24.85174761365858,1,16.118033988749858
140,933.0,243.0,-26.200371884220324,0.0,26.200371884220324,1,19.118033988749858
141,928.2666666666667,248.26666666666668,-38.73756135760398,43.10235700353116,57.9518061771502,1,26.199151289163865
142,923.5333333333333,253.53333333333333,-39.01964428441536,43.416223922095696,58.37380525317724,1,33.28026858957787
143,918.8,258.8,-38.86519060278494,43.24436700873251,58.14274089322549,1,40.36138588999188
144,914.0666666666667,264.06666666666666,-38.95120354202147,43.34007154675705,58.27141717042761,1,47.44250319040577
145,909.3333333333334,269.3333333333333,-39.00569166709248,43.40069917887728,58.35293198840729,1,54.52362049081978
146,904.6,274.6,-38.83280573137953,43.20833313773236,58.09429277917344,1,61.60473779123379
147,899.8666666666667,279.8666666666667,-39.22905258720636,43.649227526609636,58.68708231424986,1,68.6858550916478
148,895.1333333333333,285.1333333333333,-39.05971765884817,43.46081260632376,58.43375545000446,1,75.7669723920618
149,890.4,290.4,-38.95410777026951,43.343303011989754,58.27576192695322,1,82.84808969247581
150,885.6666666666666,295.6666666666667,-39.06940287737706,43.47158911708172,58.448244640529424,1,89.92920699288982
151,880.9333333333333,300.93333333333334,-38.8227060140237,43.197095424054275,58.07918349396936,1,97.01032429330382
152,876.2,306.2,-39.030767526915156,43.42860048769511,58.39044574294605,1,104.09144159371772
153,871.4666666666667,311.4666666666667,-39.53095573277062,43.98514792801259,59.138732649553965,1,111.17255889413173
154,866.7333333333333,316.73333333333335,-39.153388632727214,43.565038056132835,58.573888228951255,1,118.25367619454573
155,862.0,322.0,-41.1838362800682,45.824268536977016,61.61145962962121,1,125.33479349495974
156,858.0,328.0,-34.82274605688382,52.23411908532574,62.77759823027804,1,132.54589604588773
157,858.0,328.0,0.0,0.0,0.0,0,132.54589604588773
158,854.0,338.0,-35.099439110778235,87.74859777694559,94.50813212476167,1,0.0
159,844.0,348.0,-86.96192322444875,86.96192322444875,122.98273123406327,1,14.142135623730951
160,842.0,357.0,-17.47805088436111,78.651228979625,80.56983357759727,1,23.361680081023792
161,836.0,369.0,-52.13002976689846,104.26005953379692,116.56629022787247,1,36.77808794602254
162,832.25,379.0,-30.848515397152592,82.26270772574024,87.85661036358576,1,47.45809262766943
163,828.5,389.0,-31.02816053973546,82.74176143929455,88.36823995393779,1,58.13809730931632
164,824.75,399.0,-30.275797286684426,80.73545943115847,86.2255084699687,1,68.81810199096321
165,821.0,409.0,-32.58106613306156,86.8828430214975,92.79091702243872,1,79.4981066726101
166,814.6666666666666,423.6666666666667,-52.195226362030226,120.87315578575365,131.66116148884092,1,95.47378262770576
167,808.3333333333334,438.3333333333333,-52.19686734077595,120.87695594706123,131.66530081695157,1,111.44945858280141
168,802.0,453.0,-54.72731105969771,126.73693087508885,138.04828221843965,1,127.42513453789707
169,802.0,453.0,0.0,0.0,0.0,0,127.42513453789707
170,797.0,469.2,-40.70393093449219,131.8807362277546,138.01934133118624,1,0.0
171,792.0,485.4,-41.404777887462984,134.15148035537996,140.39578096741383,1,16.954055562018198
172,787.0,501.6,-41.34135787745157,133.94599952294345,140.18073569271883,1,33.90811112403651
173,782.0,517.8,-41.48020388505061,134.3958605875634,140.65153627819763,0,50.86216668605459
174,777.0,534.0,-42.97812516651023,139.24912553949355,145.73070440487774,0,67.8162222480729
175,777.0,534.0,0.0,0.0,0.0,0,67.8162222480729
176,771.3636363636364,551.9090909090909,-46.45125408295477,147.59511377971114,154.7321447454442,0,86.59131564947586
177,765.7272727272727,569.8181818181819,-46.83787774022008,148.8235792713454,156.02001326221657,0,105.36640905087881
178,760.0909090909091,587.7272727272727,-46.50534983427398,147.76699866696734,154.91234120705727,0,124.14150245228177
179,754.4545454545455,605.6363636363636,-46.531254333560675,147.8493081243783,154.99863077689383,0,142.91659585368473
180,748.8181818181819,623.5454545454545,-46.33435618785402,147.2236801452781,154.34275026337352,0,161.69168925508768
181,743.1818181818181,641.4545454545455,-46.1519980037541,146.64425172160375,153.73530330645465,0,180.46678265649086
182,737.5454545454545,659.3636363636364,-46.55223705857177,147.9159790409458,155.06852559690824,0,199.24187605789382
183,731.9090909090909,677.2727272727273,-46.52933110032771,147.84319720588,154.99222436206483,0,218.01696945929677
184,726.2727272727273,695.1818181818182,-46.605006447357844,148.0836495182186,155.24430385876602,0,236.79206286069973
185,720.6363636363636,713.0909090909091,-46.51257822319253,147.78996628982142,154.9364194400889,0,255.56715626210269
186,715.0,731.0,-47.70476802140302,151.5780532292967,158.90768110056663,0,274.34224966350564
187,715.0,731.0,0.0,0.0,0.0,0,274.34224966350564
188,711.0,730.0,-33.77178722256443,-8.442946805641107,34.8111614711295,1,0.0
189,709.0,729.0,-16.98865682281678,-8.49432841140839,18.99389575111696,1,2.236067977499715
190,706.0,729.0,-25.45648615896304,0.0,25.45648615896304,1,5.236067977499715
191,699.0,729.0,-59.454519313522,0.0,59.454519313522,1,12.236067977499715
192,697.0,728.0,-16.867728229680466,-8.433864114840233,18.858693473778853,1,14.47213595499943
193,697.0,728.0,0.0,0.0,0.0,0,14.47213595499943
194,694.0,728.0,-25.266079804664912,0.0,25.266079804664912,1,0.0
195,688.0,729.0,-50.14590755840367,8.357651259733945,50.837607924009355,1,6.082762530298169
196,682.0,729.0,-49.32105949102882,0.0,49.32105949102882,1,12.082762530298169
197,677.0,730.0,-42.151182539379455,8.430236507875891,42.98594045786146,1,17.181782043890962
198,673.0,734.0,-33.72779285527612,33.72779285527612,47.69830208484186,0,22.838636293383388
199,673.0,734.0,0.0,0.0,0.0,0,22.838636293383388
200,669.0,738.0,-33.7894035120226,33.7894035120226,47.785432711199455,0,28.495490542875814
201,668.0,741.0,-8.427644850949598,25.282934552848797,26.65055303999099,0,31.65776820304427
202,667.0,745.0,-8.435204067267586,33.74081626907034,34.779237342983954,0,35.780873828661925
203,660.0,749.0,-59.12276377578555,33.78443644330603,68.09470862173598,0,43.84313157696056
204,656.0,755.0,-33.74665293511843,50.61997940267765,60.83764376642843,0,51.05423412788855
205,656.0,755.0,0.0,0.0,0.0,0,51.05423412788855
206,651.0,761.0,-42.07372097735567,50.4884651728268,65.72125312551583,0,58.86448380379511
207,646.0,766.0,-42.30047904795522,42.30047904795522,59.82191116449722,0,65.93555161566064
208,641.0,773.0,-42.37972064148991,59.331608898085875,72.91282833689932,0,74.53787688270336
209,637.0,779.0,-33.837789650533566,50.756684475800355,61.00194281668174,0,81.74897943363135
210,633.0,786.0,-33.64493688020776,58.87863954036358,67.81353826336766,0,89.81123718192998
211,633.0,786.0,0.0,0.0,0.0,0,89.81123718192998
212,630.0,795.0,-25.10336682334352,75.31010047003056,79.38381610047126,0,99.29807016243512
213,625.0,804.0,-42.19044476812026,75.94280058261646,86.87544296326124,0,109.59370030342211
214,627.3333333333334,786.2222222222222,19.15267275165855,-145.92512572692033,147.17665301245856,1,0.0
215,629.6666666666666,768.4444444444445,19.287272689051267,-146.95064905944247,148.2109717489675,1,17.930248943070865
216,632.0,750.6666666666666,19.222530593218377,-146.45737594832852,147.7134680795128,1,35.86049788614173
217,634.3333333333334,732.8888888888889,19.30108042191378,-147.0558508336259,148.31707578648798,1,53.790746829212594
218,636.6666666666666,715.1111111111111,19.195573007584734,-146.25198481969838,147.50631541324188,1,71.72099577228346
219,639.0,697.3333333333334,19.234242042489722,-146.54660603801403,147.8034634513345,1,89.65124471535432
220,641.3333333333334,679.5555555555555,19.16827794404172,-146.0440224307921,147.29656943427347,1,107.58149365842519
221,643.6666666666666,661.7777777777778,19.235943277800303,-146.5595678308637,147.81653641103992,1,125.51174260149605
222,646.0,644.0,19.264076132137127,-146.77391338770948,148.03272030320736,1,143.44199154456692
223,648.3333333333334,626.2222222222222,19.18063757049832,-146.13819101331856,147.39154565393497,1,161.37224048763778
224,650.6666666666666,608.4444444444445,19.13226685746657,-145.76965224736853,147.01984611413545,1,179.30248943070865
225,653.0,590.6666666666666,19.244794554848394,-146.62700613217626,147.88455309714934,1,197.2327383737795
226,655.3333333333334,572.8888888888889,19.193013146111063,-146.23248111322425,147.48664443316986,1,215.16298731685038
227,657.6666666666666,555.1111111111111,19.156684159461115,-145.9556888339946,147.2074782441137,1,233.09323625992124
228,660.0,537.3333333333333,19.185826597739453,-146.1777264589653,147.4314201754518,1,251.0234852029921
229,662.3333333333334,519.5555555555555,19.311858850397204,-147.1379721934996,148.39990146045488,1,268.95373414606297
230,664.6666666666666,501.77777777777777,19.09329858055929,-145.4727510899802,146.72039858306587,1,286.88398308913384
231,667.0,484.0,20.08997202743643,-153.06645354237025,154.37922844768258,1,304.8142320322047
232,668.375,474.75,11.322447713489753,-76.16919370893106,77.00612892811436,1,314.16586958933885
233,669.75,465.5,11.344720344167584,-76.31902776985464,77.15760934232743,1,323.517507146473
234,671.125,456.25,10.940590171398219,-73.60033388031529,74.40904286840667,1,332.86914470360716
235,672.5,447.0,11.283150503491278,-75.9048306598504,76.73886109908722,0,342.2207822607413
236,673.875,437.75,11.282642804321203,-75.90141522906991,76.73540814008607,0,351.57241981787547
237,675.25,428.5,11.280458011982326,-75.88671753515384,76.72054895020187,0,360.9240573750096
238,676.625,419.25,11.350883028493488,-76.3604858280471,77.19952293519646,0,370.2756949321438
239,678.0,410.0,11.952580703994164,-80.40827019050619,81.29178372083453,0,379.62733248927793
240,678.9090909090909,405.8181818181818,7.520880406406266,-34.59604986947004,35.40410016732982,0,383.906824233256
241,679.8181818181819,401.6363636363636,7.516610523173696,-34.5764084065959,35.38399994427992,0,388.186315977234
242,680.7272727272727,397.45454545454544,7.45063424389423,-34.27291752191467,35.07342050756178,0,392.46580772121206
243,681.6363636363636,393.27272727272725,7.538232098175853,-34.67586765161015,35.48578223116903,0,396.7452994651901
244,682.5454545454545,389.0909090909091,7.549126963728402,-34.725984033151406,35.53706916707085,0,401.02479120916814
245,683.4545454545455,384.90909090909093,7.385419836145685,-33.9729312462671,34.76642753605446,0,405.3042829531462
246,684.3636363636364,380.72727272727275,7.4992843655184815,-34.49670808138623,35.302438080779744,0,409.5837746971242
247,685.2727272727273,376.54545454545456,7.4727559928261345,-34.374677567001434,35.17755733366987,0,413.86326644110227
248,686.1818181818181,372.3636363636364,7.544511459936776,-34.70475271571039,35.51534195566368,0,418.1427581850803
249,687.0909090909091,368.1818181818182,7.559244029459777,-34.772522535511854,35.58469465626483,0,422.42224992905835
250,688.0,364.0,7.917218399912598,-36.419204639599236,37.26983785546861,0,426.7017416730364
251,687.0,359.0,-8.694533868704227,-43.47266934352113,44.33359785811622,0,431.8007611866292
252,688.0,357.0,8.58257417638633,-17.16514835277266,19.191219280334106,0,434.0368291641289
253,688.0,357.0,0.0,0.0,0.0,0,434.0368291641289
254,688.0,356.0,0.0,-8.30272461656624,8.30272461656624,0,435.0368291641289
255,688.0,355.0,0.0,-8.733530035210608,8.733530035210608,0,436.0368291641289
256,689.0,355.0,8.688626264927963,0.0,8.688626264927963,0,437.0368291641289
257,689.0,354.0,0.0,-8.762028114169684,8.762028114169684,0,438.0368291641289
258,689.0,354.0,0.0,0.0,0.0,0,438.0368291641289
259,689.0,354.0,0.0,0.0,0.0,0,438.0368291641289
260,691.0,350.0,17.465969022430524,-34.93193804486105,39.0550940270602,0,442.50896511912856
261,691.0,342.8333333333333,0.0,-59.50827846253558,59.50827846253558,0,449.6756317857953
262,691.0,335.6666666666667,0.0,-59.53821694739757,59.53821694739757,0,456.84229845246205
263,691.0,328.5,0.0,-59.92348615635303,59.92348615635303,0,464.0089651191288
264,691.0,321.3333333333333,0.0,-59.49520456076405,59.49520456076405,0,471.17563178579553
265,691.0,314.1666666666667,0.0,-60.1887782038315,60.1887782038315,0,478.34229845246205
266,691.0,307.0,0.0,-59.25115739371902,59.25115739371902,0,485.5089651191288
267,691.0,299.8333333333333,0.0,-59.84558117434084,59.84558117434084,0,492.67563178579553
268,691.0,292.6666666666667,0.0,-59.50863189097805,59.50863189097805,0,499.84229845246205
269,691.0,285.5,0.0,-59.8200943429396,59.8200943429396,0,507.0089651191288
270,691.0,278.3333333333333,0.0,-59.29042582708409,59.29042582708409,0,514.1756317857955
271,691.0,271.16666666666663,0.0,-59.73224808173317,59.73224808173317,0,521.3422984524623
272,691.0,264.0,0.0,-63.12407320296542,63.12407320296542,0,528.508965119129
273,693.9583333333334,263.0,24.705420738393077,-8.351128136921496,26.078710762234866,0,531.631742106221
274,696.9166666666666,262.0,24.589826365836675,-8.312053982818243,25.956690893010247,0,534.7545190933129
275,699.875,261.0,24.563442588659324,-8.30313552292699,25.92884053170243,0,537.8772960804049
276,702.8333333333334,260.0,24.45837480970181,-8.267619653983603,25.81793239348945,0,541.0000730674969
277,705.7916666666666,259.0,24.779822767552194,-8.376278118609408,26.157248546274754,0,544.1228500545888
278,708.75,258.0,24.696323925039145,-8.348053157759605,26.06910828807232,0,547.2456270416808
279,711.7083333333334,257.0,24.52552405348882,-8.290317989911609,25.888814234570702,0,550.3684040287728
280,714.6666666666666,256.0,24.537018324101112,-8.294203377161152,25.900947432458626,0,553.4911810158646
281,717.625,255.0,24.614606580347616,-8.320430393356833,25.982848555075485,0,556.6139580029567
282,720.5833333333334,254.0,24.632491018685553,-8.326475837302052,26.001727128304367,0,559.7367349900487
283,723.5416666666666,253.0,24.581252728080127,-8.309155851745608,25.947640675991043,0,562.8595119771405
284,726.5,252.0,24.525814914815903,-8.29041630923344,25.889121263886306,0,565.9822889642326
285,729.4583333333334,251.0,24.778981520497116,-8.375993753407368,26.156360537166805,0,569.1050659513246
286,732.4166666666666,250.0,24.514040546724914,-8.286436241146662,25.876692398856967,0,572.2278429384164
287,735.375,249.0,23.548718260159138,-7.9601301161100295,24.857711140846302,0,575.3506199255085
288,738.3333333333334,248.0,24.09508459458196,-8.14481732774591,25.434448115153018,0,578.4733969126005
289,741.2916666666666,247.0,24.294311098405686,-8.212161498052836,25.644748940401406,0,581.5961738996923
290,744.25,246.0,24.408097641707077,-8.250624554943132,25.764860489312515,1,0.0
291,747.2083333333334,245.0,23.964458041136737,-8.100661873060202,25.296560477405905,1,3.1227769870920383
292,750.1666666666666,244.0,24.62232399820815,-8.323039097986065,25.990994957856877,1,6.245553974183849
293,753.125,243.0,24.50551966625948,-8.283555943524226,25.86769787172654,1,9.368330961275888
294,756.0833333333334,242.0,24.658631377638365,-8.335312014976243,26.029320540599187,1,12.491107948367926
295,759.0416666666666,241.0,24.337196614120455,-8.226658010407125,25.690018315574473,1,15.613884935459737
296,762.0,240.0,25.988374349844992,-8.78480259713059,27.432979386465362,1,18.736661922551775
297,763.0,241.0,8.816656681906563,8.816656681906563,12.468635454339633,1,20.15087548492488
298,771.0,244.33333333333334,66.65878389116685,27.774493287986264,72.21368254876411,1,28.817542151591624
299,779.0,247.66666666666666,66.48931654840199,27.70388189516734,72.03009292743543,1,37.48420881825814
300,787.0,251.0,70.58770863223087,29.411545263429613,76.47001768491681,1,46.150875484924654
301,787.0,251.0,0.0,0.0,0.0,0,46.150875484924654
302,793.4,254.0,52.887224811943966,24.790886630598823,58.40930241186163,1,0.0
303,799.8,257.0,53.292407629098705,24.980816076140105,58.856791305132816,1,7.068238818828831
304,806.2,260.0,52.94626703169331,24.818562671105887,58.47450936648365,1,14.136477637657663
305,812.6,263.0,52.45584754639092,24.588678537370832,57.932884047183144,1,21.204716456486494
306,819.0,266.0,55.7940995764031,26.153484176439044,61.619690701177916,1,28.272955275315326
307,819.0,266.0,0.0,0.0,0.0,0,28.272955275315326
308,826.5,269.5,62.00763631131077,28.93689694527836,68.42726770621084,1,0.0
309,834.0,273.0,65.59558265424427,30.611271905313995,72.3866730234983,1,8.276472678623577
310,841.0,280.0,61.370222194352124,61.370222194352124,86.7906005531031,1,18.175967615235095
311,845.0,283.0,34.93186531302313,26.198898984767347,43.664831641278916,1,23.175967615235095
312,851.0,288.0,49.38871858477939,41.15726548731616,64.28970388670304,1,30.986217291141656
313,857.0,293.0,49.29671281124081,41.08059400936734,64.16993920954282,1,38.79646696704822
314,863.0,298.0,49.55433864402975,41.29528220335813,64.50529288905032,1,46.60671664295478
315,869.0,303.0,49.69583943032838,41.41319952527365,64.68948563410522,1,54.41696631886134
316,875.0,308.0,52.19392732702837,43.49493943919031,67.94126733170313,1,62.2272159947679
317,882.0,313.5,57.66226869400244,45.30606825957335,73.33196473626255,1,71.12946290215041
318,889.0,319.0,60.97777519320275,47.91110908037359,77.54845866182146,1,80.03170980953291
319,889.0,319.0,0.0,0.0,0.0,0,80.03170980953291
320,893.0,324.0,34.8322893677451,43.54036170968137,55.758869073970786,1,0.0
321,900.0,329.0,61.13789283423707,43.66992345302648,75.13257718595742,1,8.602325267042488
322,907.0,338.0,61.07709910007364,78.52769884295182,99.4837249003552,1,20.004079518033905
323,913.0,345.0,51.86605332146213,60.510395541705826,79.6968974035906,1,29.223623975326973
324,917.0,350.0,35.011688498692585,43.764610623365726,56.04604780485685,1,35.626748212759594
325,922.0,354.5,41.34632976877701,37.21169679189931,55.625797643545795,1,42.35356023629629
326,927.0,359.0,43.444481272787534,39.10003314550878,58.44857179642179,1,49.080372259832984
327,935.0,366.0,69.35327467503343,60.68411534065425,92.15442779828032,1,59.71051807256754
328,942.1428571428571,373.7142857142857,59.21960040820979,63.95716844086693,87.16352716292214,1,70.22387206855274
329,949.2857142857143,381.42857142857144,59.17211319140647,63.90588224671833,87.09363217404616,1,80.73722606453794
330,956.4285714285714,389.14285714285717,58.73074061181375,63.42919986075921,86.44398930977378,1,91.25058006052313
331,963.5714285714286,396.85714285714283,59.18918110350866,63.92431559178924,87.11875391431293,1,101.76393405650833
332,970.7142857142857,404.57142857142856,59.30153677969875,64.04565972207502,87.28412681392754,1,112.27728805249353
333,977.8571428571429,412.2857142857143,59.35863916950415,64.10733030306382,87.36817408325251,1,122.79064204847873
334,985.0,420.0,61.566391472806494,66.49170279063138,90.61769749326297,1,133.30399604446393
335,989.0,428.0,34.55828094488708,69.11656188977416,77.27466537830318,0,142.24826795446324
336,993.5,436.5,36.23345299571903,68.4409667696915,77.4404871392413,0,151.865959985299
337,998.0,445.0,36.5625730065224,69.06263790120897,78.14390378481731,0,161.48365201613478
338,1002.5,453.5,36.214265156777046,68.4047230739122,77.39947764464546,0,171.10134404697055
339,1007.0,462.0,37.96277009781146,71.70745462919943,81.13649587514846,0,180.71903607780632
340,1014.7142857142857,472.0,63.719120089665104,82.59885937549232,104.32016983850016,0,193.34877099512096
341,1022.4285714285714,482.0,63.86287040647806,82.78520237876715,104.55551611200647,0,205.9785059124356
342,1030.142857142857,492.0,63.49080964285254,82.30290138888344,103.94638274674693,0,218.60824082975023
343,1037.857142857143,502.0,64.20591938868303,83.22989550384767,105.11715174093838,0,231.23797574706487
344,1045.5714285714287,512.0,63.85707265430229,82.77768677409487,104.54602410253105,0,243.8677106643795
345,1053.2857142857142,522.0,63.84711810110769,82.76478272365986,104.52972662889451,0,256.4974455816937
346,1061.0,532.0,66.05677047697266,85.62914691459346,108.14734267270961,0,269.1271804990083
347,1068.5,545.0,60.50989670494547,104.8838209552388,121.08700796292624,0,284.1355115188121
348,1076.0,558.0,62.54728235799386,108.4152894205227,125.16404240238612,0,299.1438425386159
349,1076.0,557.0,0.0,-6.894217429895789,6.894217429895789,1,0.0
350,1082.0,569.0,51.336927718585336,102.67385543717067,114.79286013475001,0,13.416407864998746
351,1092.5,583.0,86.934242941065,115.91232392142,144.89040490177499,0,30.916407864998746
352,1103.0,597.0,89.76692498664916,119.68923331553222,149.61154164441527,0,48.416407864998746
353,1110.0,614.0,59.65929327616686,144.8868550992624,156.68896596367705,0,66.8011841758489
354,1113.5,619.5,28.97402020672518,45.53060318199671,53.967857777163694,0,73.32038658105148
355,1117.0,625.0,29.85275821608178,46.91147719669994,55.604620904060994,0,79.83958898625406
356,1124.125,631.0625,58.54523655598002,49.814806543246156,76.87040831384142,0,89.1947763841631
357,1131.25,637.125,58.83430785404633,50.06077071791661,77.24996145977366,0,98.54996378207215
358,1138.375,643.1875,58.78870668219445,50.02196972081458,77.19008672177526,0,107.9051511799812
359,1145.5,649.25,58.884968620998805,50.103876809095475,77.31647949044905,0,117.26033857789025
360,1152.625,655.3125,58.86420686883967,50.08621110769691,77.28921912804095,0,126.6155259757993
361,1159.75,661.375,58.88926198302159,50.10752993292188,77.32211671238451,0,135.97071337370835
362,1166.875,667.4375,58.444251484358496,49.7288806489717,76.73781403041536,0,145.3259007716174
363,1174.0,673.5,59.00576939024535,50.20666342854209,77.47509195839474,0,154.68108816952645
364,1181.125,679.5625,58.95071399122971,50.15981804516914,77.40280373733397,0,164.0362755674355
365,1188.25,685.625,58.53996113583652,49.81031780856265,76.86348164099297,0,173.39146296534454
366,1195.375,691.6875,58.539273107646984,49.809732381068045,76.86257825395464,0,182.7466503632536
367,1202.5,697.75,58.680196985524546,49.929641294700716,77.04761253976301,0,192.10183776116264
368,1209.625,703.8125,58.45008126646599,49.73384107760703,76.74546858537741,0,201.4570251590717
369,1216.75,709.875,58.88612892737859,50.10486408733091,77.31800298288722,0,210.81221255698074
370,1223.875,715.9375,58.6321883957598,49.88879188060264,76.98457684096181,0,220.1673999548898
371,1231.0,722.0,60.23905808743048,51.25604065333997,79.09441081844952,1,0.0
372,1233.0,722.0,16.765446656447175,0.0,16.765446656447175,1,2.0
373,1234.0,723.0,8.447640109082267,8.447640109082267,11.946767212311073,0,3.414213562372879
374,1239.0,723.0,42.108188314569745,0.0,42.108188314569745,1,0.0
375,1241.0,723.0,16.86606643799536,0.0,16.86606643799536,1,2.0
376,1239.0,724.0,-16.8155891744962,8.4077945872481,18.80040023794154,0,4.236067977499715
377,1244.0,724.75,41.34013546438737,6.201020319658106,41.802624956080344,1,0.0
378,1249.0,725.5,41.02955792241534,6.154433688362301,41.48857285245281,1,5.055937104039003
379,1254.0,726.25,40.934655691690885,6.140198353753633,41.39260891053764,1,10.111874208078007
380,1259.0,727.0,42.157029079608094,6.323554361941214,42.62865750392977,1,15.16781131211701
381,1262.0,728.0,25.20665878723532,8.402219595745107,26.570151323453743,1,18.330088972285466
382,1269.0,730.0,59.32489533323634,16.949970095210386,61.69882245657508,1,25.610198861566005
383,1276.0,734.0,58.82013258512955,33.61150433435974,67.74615281291554,1,33.67245660986464
384,1285.0,739.0,76.0988047551754,42.27711375287522,87.05390532560763,1,43.96808675085185
385,1285.0,739.0,0.0,0.0,0.0,0,43.96808675085185
386,1296.0,742.0,91.44672931280189,24.940017085309606,94.78664860740882,1,0.0
387,1299.0,746.0,25.30113446713021,33.734845956173615,42.16855744521702,1,5.0
388,1303.0,750.0,33.69033882682742,33.69033882682742,47.645334089844205,1,10.656854249492426
389,1300.4,737.1,-21.50530652168265,-106.6994054345059,108.8450335507716,1,23.8162615309775
390,1297.8,724.2,-21.3739671389579,-106.04776003559307,108.18028415484952,1,36.97566881246257
391,1295.2,711.3,-21.432356889187744,-106.33746302712828,108.4758128103744,1,50.135076093947646
392,1292.6,698.4,-21.22268228224132,-105.29715440034545,107.41458452213622,1,63.29448337543272
393,1290.0,685.5,-21.36709896487396,-106.01368332572433,108.14552219330064,1,76.45389065691779
394,1287.4,672.6,-21.410602038732033,-106.22952549986631,108.36570475749099,1,89.61329793840287
395,1284.8,659.7,-21.317769776016945,-105.76893465792449,107.89585185212432,1,102.77270521988794
396,1282.2,646.8,-21.52946434917125,-106.81926542473877,108.96730381652576,1,115.93211250137301
397,1279.6,633.9,-21.52738183835414,-106.80893296721283,108.9567635826655,1,129.0915197828581
398,1277.0,621.0,-20.606857872796436,-102.24171790733955,104.29770597685085,1,142.25092706434316
399,1274.4,608.1,-21.34543454474559,-105.90619447201048,108.03587183638277,1,155.41033434582823
400,1271.8,595.2,-21.32610754976117,-105.81030284304006,107.93805191386322,1,168.5697416273133
401,1269.2,582.3,-21.494582395445352,-106.64619726971412,108.79075541812075,1,181.72914890879838
402,1266.6,569.4,-21.507342346341197,-106.70950625684092,108.85533749146843,1,194.88855619028345
403,1264.0,556.5,-21.20440141632354,-105.20645318099338,107.3220593836567,1,208.04796347176853
404,1261.4,543.6,-21.43366274361742,-106.34394207410533,108.48242214510054,1,221.2073707532536
405,1258.8,530.7,-21.411905243421078,-106.23599140004497,108.3723006810489,1,234.36677803473867
406,1256.2,517.8,-21.474011877943134,-106.54413585595312,108.68664164204282,1,247.52618531622375
407,1253.6,504.9,-21.559002827037883,-106.96582171875907,109.11680722448571,1,260.6855925977088
408,1251.0,492.0,-21.47502678177504,-106.54917134034892,108.69177838545558,1,273.8449998791939
409,1248.4,479.09999999999997,-21.54260620487267,-106.88446924725689,109.0338188286828,1,287.00440716067897
410,1245.8,466.2,-21.37053250008441,-106.03071894272072,108.16290038107984,1,300.16381444216404
411,1243.2,453.3,-21.452552228822476,-106.4376629814689,108.57802769477401,1,313.3232217236491
412,1240.6,440.4,-21.345309203084344,-105.90557258452857,108.03523744330887,1,326.4826290051342
413,1238.0,427.5,-21.501575177302815,-106.68089222585212,108.8261480583094,1,339.64203628661926
414,1235.4,414.59999999999997,-21.339837385645748,-105.87842395186173,108.00754287630087,1,352.80144356810433
415,1232.8,401.7,-21.384319615972508,-106.09912424847323,108.23268125539082,1,365.9608508495894
416,1230.2,388.8,-21.36190888487027,-105.98793254416755,108.11925358691906,1,379.1202581310745
417,1227.6,375.9,-21.35099283809666,-105.93377215824351,108.0640040848344,1,392.27966541255955
418,1225.0,363.0,-22.43381656226457,-111.30624371277791,113.5445111619124,1,405.4390726940446
419,1224.0,359.0,-8.636652664525164,-34.546610658100654,35.60983118760946,0,409.5621783196625
420,1221.3333333333333,357.6666666666667,-21.950584671946512,-10.975292335972787,24.54149973616845,0,412.54360228966243
421,1218.6666666666667,356.3333333333333,-21.95536746009499,-10.977683730048431,24.546847055880068,0,415.5250262596619
422,1216.0,355.0,-23.116420411136133,-11.558210205567574,25.844943717881797,0,418.5064502296618
423,1215.0,354.0,-8.599995899202394,-8.599995899202394,12.162230837005026,0,419.9206637920347
424,1211.5,352.0,-28.975907466987742,-16.557661409707283,33.373033498529104,0,423.9517926661838
425,1208.0,350.0,-30.361009023467634,-17.349148013410076,34.96832574937345,0,427.9829215403329
426,1209.0,350.0,8.686161135870375,0.0,8.686161135870375,1,0.0
427,1209.0,350.0,0.0,0.0,0.0,0,0.0
428,1207.0,350.0,-17.361931116128993,0.0,17.361931116128993,0,2.0
429,1207.0,350.0,0.0,0.0,0.0,0,2.0
430,1205.0,350.0,-17.458335501245596,0.0,17.458335501245596,0,4.0
431,1201.0,347.0,-34.83684597399469,-26.12763448049602,43.54605746749336,0,9.0
432,1198.7132352941176,346.375,-18.850402410579687,-5.152039244048929,19.541780354231,0,11.370636585406828
433,1196.4264705882354,345.75,-18.788072871007003,-5.135003839343081,19.47716474840056,0,13.741273170813656
434,1194.139705882353,345.125,-18.800152012132113,-5.138305212318886,19.48968691729599,0,16.111909756220484
435,1191.8529411764705,344.5,-18.723449053697713,-5.11734138123553,19.4101707173976,0,18.482546341627312
436,1189.5661764705883,343.875,-18.769028247199845,-5.129798717080674,19.45742162317372,0,20.85318292703414
437,1187.2794117647059,343.25,-18.806271157313606,-5.1399776474971075,19.496030494928334,0,23.22381951244097
438,1184.9926470588234,342.625,-18.813759624606003,-5.14202433469921,19.503793617424634,0,25.594456097847797
439,1182.7058823529412,342.0,-18.900475208171862,-5.165724735352771,19.593689676427832,0,27.965092683254625
440,1180.4191176470588,341.375,-18.733944855045838,-5.120210008613634,19.4210514742175,0,30.335729268661453
441,1178.1323529411766,340.75,-18.89835250074491,-5.165144574158909,19.591489114265272,0,32.70636585406828
442,1175.8455882352941,340.125,-18.973570121720932,-5.18570244484316,19.66946549884652,0,35.07700243947511
443,1173.5588235294117,339.5,-18.883172294262263,-5.16099564312616,19.575752141952584,0,37.44763902488194
444,1171.2720588235295,338.875,-18.850772893677668,-5.152140501487797,19.54216442557179,0,39.818275610288765
445,1168.985294117647,338.25,-18.91956373519894,-5.170941856886988,19.613478315116893,0,42.18891219569559
446,1166.6985294117646,337.625,-18.762199247549948,-5.127932270230513,19.450342155675187,0,44.55954878110242
447,1164.4117647058824,337.0,-18.770791376744334,-5.130280601361322,19.45924941918274,0,46.93018536650925
448,1162.125,336.375,-18.79996776230693,-5.138254854649625,19.48949590972302,0,49.30082195191608
449,1159.8382352941176,335.75,-18.835742977269806,-5.148032646520506,19.52658325553679,0,51.671458537322906
450,1157.5514705882354,335.125,-18.793742241482434,-5.136553345743118,19.48304205489856,0,54.042095122729734
451,1155.264705882353,334.5,-18.80531247390677,-5.139715627916461,19.495036649801975,0,56.41273170813656
452,1152.9779411764705,333.875,-18.76274978910414,-5.128082739787126,19.45091288949262,0,58.78336829354339
453,1150.6911764705883,333.25,-18.770901583339484,-5.130310722134916,19.45936366783532,0,61.15400487895022
454,1148.4044117647059,332.625,-18.86193125523154,-5.155190214452168,19.55373204337893,0,63.524641464357046
455,1146.1176470588234,332.0,-18.880421633838733,-5.160243854907511,19.572900595303608,0,65.89527804976387
456,1143.8308823529412,331.375,-18.70573895114892,-5.112500999510484,19.391811059788242,0,68.2659146351707
457,1141.5441176470588,330.75,-18.87670579807307,-5.159228272785063,19.569048473487673,0,70.63655122057753
458,1139.2573529411766,330.125,-18.74709032668887,-5.123802822407256,19.43467908353364,0,73.00718780598436
459,1136.9705882352941,329.5,-18.84847613318486,-5.151512769519797,19.539783426582925,0,75.37782439139119
460,1134.6838235294117,328.875,-18.80265816835163,-5.138990174629686,19.492284992037767,0,77.74846097679801
461,1132.3970588235295,328.25,-18.814903708571137,-5.14233702645868,19.50497966306276,0,80.11909756220484
462,1130.110294117647,327.625,-18.536085746363884,-5.066132760260047,19.215935468801263,0,82.48973414761167
463,1127.8235294117646,327.0,-18.68944608697133,-5.108047965892307,19.37492062073196,0,84.8603707330185
464,1125.5367647058824,326.375,-18.704279819537707,-5.1121022014816955,19.390298411472667,0,87.23100731842533
465,1123.25,325.75,-18.676272203718188,-5.104447386868136,19.361263557750604,0,89.60164390383216
466,1120.9632352941176,325.125,-18.658324520267353,-5.099542071455528,19.342657605462463,0,91.97228048923898
467,1118.6764705882354,324.5,-18.5001540227497,-5.056312192713266,19.178685874054114,0,94.34291707464581
468,1116.389705882353,323.875,-18.53024853400652,-5.064537380676845,19.209884164469184,0,96.71355366005264
469,1114.1029411764705,323.25,-18.90811344990964,-5.1678123576921635,19.60160806666049,0,99.08419024545947
470,1111.8161764705883,322.625,-18.70019546179406,-5.11098589791832,19.386064251364253,0,101.4548268308663
471,1109.5294117647059,322.0,-18.720488951709513,-5.116532350145507,19.407102047476418,0,103.82546341627312
472,1107.2426470588234,321.375,-18.58450046685406,-5.079365079365079,19.26612590044953,0,106.19610000167995
473,1104.9558823529412,320.75,-18.73954498782899,-5.121740591529153,19.426857003586143,0,108.56673658708678
474,1102.6691176470588,320.125,-18.497834876091122,-5.05567834233984,19.17628166784002,0,110.93737317249361
475,1100.3823529411766,319.5,-18.903045439467874,-5.166427210144285,19.59635417633358,0,113.30800975790044
476,1098.0955882352941,318.875,-18.656183276714483,-5.098956844117928,19.340437827322788,0,115.67864634330726
477,1095.8088235294117,318.25,-18.805791803392225,-5.13984663436747,19.495533559699073,0,118.04928292871409
478,1093.5220588235295,317.625,-18.658397113405957,-5.099561912024464,19.342732861106423,0,120.41991951412092
479,1091.235294117647,317.0,-18.739142252204342,-5.121630519091039,19.4264394967898,0,122.79055609952775
480,1088.9485294117646,316.375,-18.62108625993825,-5.08936441188005,19.30405355403295,0,125.16119268493458
481,1086.6617647058824,315.75,-18.98679104867668,-5.189315881471452,19.683171330956824,1,0.0
482,1084.375,315.125,-18.779281072753836,-5.132600936283023,19.46805049255379,1,2.370636585406828
483,1082.0882352941176,314.5,-18.88120214521958,-5.160457177953723,19.573709733572187,1,4.741273170813656
484,1079.8014705882354,313.875,-18.81136119053519,-5.1413688141337435,19.50130721576686,1,7.111909756220484
485,1077.514705882353,313.25,-18.882949237883906,-5.160934679164231,19.575520904514914,1,9.482546341627312
486,1075.2279411764705,312.625,-18.66039364615263,-5.100107588176584,19.34480262086822,1,11.85318292703414
487,1072.9411764705883,312.0,-18.8742541475847,-5.158558207539558,19.5665069035889,1,14.223819512440969
488,1070.6544117647059,311.375,-18.597400914692177,-5.0828909252372325,19.279499499199982,1,16.594456097847797
489,1068.3676470588234,310.75,-18.805644314794144,-5.1398063239789265,19.49538066164811,1,18.965092683254625
490,1066.0808823529412,310.125,-18.65974018840026,-5.099928990399113,19.34412519618587,1,21.335729268661453
491,1063.7941176470588,309.5,-18.748226316323287,-5.124113301888821,19.435856737964265,1,23.70636585406828
492,1061.5073529411766,308.875,-18.78439329292477,-5.133998166876875,19.473350214094445,1,26.07700243947511
493,1059.2205882352941,308.25,-18.87759746525964,-5.1594719760354115,19.56997284443369,1,28.447639024881937
494,1056.9338235294117,307.625,-18.929496048750742,-5.173656476346484,19.623774917046717,1,30.818275610288765
495,1054.6470588235295,307.0,-18.792306168315854,-5.136160849861576,19.481553310744317,1,33.18891219569559
496,1052.360294117647,306.375,-18.78218623780316,-5.13339495245406,19.471062210608935,1,35.55954878110242
497,1050.0735294117646,305.75,-18.7861961060836,-5.134490897160933,19.475219149197248,1,37.93018536650925
498,1047.7867647058824,305.125,-18.775163897662857,-5.1314756633486995,19.463782311453308,1,40.30082195191608
499,1045.5,304.5,-18.955009313966407,-5.180629555263948,19.650223934638188,1,42.671458537322906
500,1043.2132352941176,303.875,-18.219507352173608,-4.9796081187611,18.887745899718674,1,45.042095122729734
501,1040.9264705882354,303.25,-19.096342659006456,-5.2192576399217145,19.79674097577859,1,47.41273170813656
502,1038.639705882353,302.625,-19.129134612429773,-5.228220070921137,19.830735642694684,1,49.78336829354339
503,1036.3529411764707,302.0,-19.088855536640846,-5.217211320304104,19.78897924753708,1,52.15400487895022
504,1034.0661764705883,301.375,-19.173952687646707,-5.240469384083322,19.877197514580093,1,54.524641464357046
505,1031.7794117647059,300.75,-19.233896402520926,-5.2568527145151815,19.939339790600215,1,56.895278049763874
506,1029.4926470588234,300.125,-19.17744137718017,-5.241422884438126,19.88081415910057,1,59.2659146351707
507,1027.2058823529412,299.5,-19.171193305124824,-5.239715212011944,19.8743369259317,1,61.63655122057753
508,1024.9191176470588,298.875,-18.992881872917597,-5.190980576199161,19.689485548918714,1,64.00718780598436
509,1022.6323529411765,298.25,-19.091097256854656,-5.217824009108262,19.791303187529365,1,66.37782439139119
510,1020.3455882352941,297.625,-19.112857871787075,-5.223771444057637,19.813861918537867,1,68.74846097679801
511,1018.0588235294117,297.0,-18.50636506283636,-5.05800974386185,19.185124717029378,1,71.11909756220484
512,1015.7720588235294,296.375,-19.03887687446487,-5.203551557329702,19.737167513369833,1,73.48973414761167
513,1013.4852941176471,295.75,-19.136997009036456,-5.230368957453771,19.838886409145204,1,75.8603707330185
514,1011.1985294117648,295.125,-19.20216689444546,-5.248180662469093,19.90644653643768,1,78.23100731842533
515,1008.9117647058824,294.5,-19.113543451500735,-5.223958821149796,19.814572643321767,1,80.60164390383216
516,1006.625,293.875,-19.096608806946087,-5.2193303813194865,19.797016885250553,1,82.97228048923898
517,1004.3382352941177,293.25,-19.107717591183903,-5.222366544214326,19.808533107390055,1,85.34291707464581
518,1002.0514705882354,292.625,-19.202782004731002,-5.248348779428164,19.90708420717976,1,87.71355366005264
519,999.7647058823529,292.0,-19.05146997481659,-5.20699340147702,19.750222492021788,1,90.08419024545947
520,997.4779411764706,291.375,-19.058511212774782,-5.208917855581608,19.757521982112507,1,92.4548268308663
521,995.1911764705883,290.75,-19.080615092675885,-5.214959108930785,19.780436568050536,1,94.82546341627312
522,992.9044117647059,290.125,-19.03982172437641,-5.203809796051247,19.738147017628446,1,97.19610000167995
523,990.6176470588235,289.5,-19.06790763031704,-5.2114860082860845,19.767263032925538,1,99.56673658708678
524,988.3308823529412,288.875,-18.930542162114065,-5.173942391574659,19.624859398806187,1,101.93737317249361
525,986.0441176470588,288.25,-19.023206053506215,-5.199268535524024,19.72092193226893,1,104.30800975790044
526,983.7573529411765,287.625,-18.924416570856735,-5.172268194607222,19.618509138674693,1,106.67864634330726
527,981.4705882352941,287.0,-19.07272309363182,-5.212802131700091,19.772255113431385,1,109.04928292871409
528,979.1838235294117,286.375,-19.05805678229966,-5.20879365432609,19.75705088444897,1,111.41991951412092
529,976.8970588235294,285.75,-19.110077969286905,-5.223011663631546,19.81098005729792,1,113.79055609952775
530,974.6102941176471,285.125,-19.02633815358331,-5.20012457573828,19.72416890866881,1,116.16119268493458
531,972.3235294117648,284.5,-19.056087833961893,-5.208255517320851,19.755009720811923,1,118.5318292703414
532,970.0367647058824,283.875,-17.74506734924615,-4.849938021498215,18.39590481715036,1,120.90246585574823
533,967.75,283.25,-19.02426255031381,-5.199557288670795,19.722017178307144,1,123.27310244115506
534,965.4632352941177,282.625,-19.006958341225733,-5.19482784245727,19.70407830115024,1,125.64373902656189
535,963.1764705882354,282.0,-19.009934382476594,-5.195641229937409,19.707163494939888,1,128.01437561196872
536,960.8897058823529,281.375,-19.055557801996894,-5.208110653278712,19.754460248815708,1,130.38501219737554
537,958.6029411764706,280.75,-18.956919961461224,-5.181151757955716,19.65220465912704,1,132.75564878278237
538,956.3161764705883,280.125,-19.070713195147388,-5.21225280253232,19.770171497715307,1,135.1262853681892
539,954.0294117647059,279.5,-19.004736335888424,-5.194220541962892,19.70177479911866,1,137.49692195359603
540,951.7426470588235,278.875,-18.880533131512816,-5.160274328548594,19.573016182388212,1,139.86755853900286
541,949.4558823529412,278.25,-18.97195632717451,-5.185261375594395,19.6677925150091,1,142.23819512440969
542,947.1691176470588,277.625,-18.912475604542898,-5.16900458645045,19.6061302124406,1,144.6088317098165
543,944.8823529411765,277.0,-18.943590926839793,-5.177508774216739,19.638386754276386,1,146.97946829522334
544,942.5955882352941,276.375,-19.041220274362463,-5.204192036401392,19.73959686236109,1,149.35010488063017
545,940.3088235294117,275.75,-18.94407733150605,-5.177641714398578,19.638890998851277,1,151.720741466037
546,938.0220588235295,275.125,-18.87492271637701,-5.158740935344531,19.567199993540317,1,154.09137805144383
547,935.7352941176471,274.5,-18.807451209545338,-5.140300169811247,19.497253828044347,1,156.46201463685065
548,933.4485294117646,273.875,-19.010537238502195,-5.195805997661189,19.70778846197134,1,158.83265122225748
549,931.1617647058824,273.25,-18.902710152265158,-5.1663355721628355,19.59600659177128,1,161.2032878076643
550,928.875,272.625,-19.018943526347073,-5.198103536139692,19.716503068008972,1,163.57392439307114
551,926.5882352941177,272.0,-18.859298026137758,-5.1544705216132884,19.551002235099453,1,165.94456097847797
552,924.3014705882354,271.375,-18.959055846888784,-5.181735520853923,19.654418882620952,1,168.3151975638848
553,922.0147058823529,270.75,-18.87325138319857,-5.158284140102322,19.565467360720977,1,170.68583414929162
554,919.7279411764706,270.125,-19.021093411881083,-5.198691125433813,19.71873180509259,1,173.05647073469845
555,917.4411764705883,269.5,-18.893215288372478,-5.163740512899305,19.586163483881908,1,175.42710732010528
556,915.1544117647059,268.875,-18.91542212950461,-5.169809906777606,19.60918480736944,1,177.7977439055121
557,912.8676470588235,268.25,-18.945873503593145,-5.178132629599488,19.640753049307342,1,180.16838049091893
558,910.5808823529412,267.625,-18.890201268633476,-5.162916745446524,19.58303891866362,1,182.53901707632576
559,908.2941176470588,267.0,-19.05616355522213,-5.208276212841879,19.75508821930772,1,184.9096536617326
560,906.0073529411765,266.375,-18.9160563118845,-5.169983236367222,19.6098422497149,1,187.28029024713942
561,903.7205882352941,265.75,-18.95193809982619,-5.179790155901125,19.647040077294434,1,189.65092683254625
562,901.4338235294117,265.125,-19.033096435514143,-5.201971694593715,19.731175064727783,1,192.02156341795308
563,899.1470588235295,264.5,-19.156528262161956,-5.235707081298621,19.85913401183874,1,194.3922000033599
564,896.8602941176471,263.875,-18.95407286272143,-5.180373611997637,19.649253137084735,1,196.76283658876673
565,894.5735294117646,263.25,-19.049653725648195,-5.206496998971189,19.748339628115527,1,199.13347317417356
566,892.2867647058824,262.625,-18.91799642787656,-5.170513493149874,19.61185352351978,1,201.5041097595804
567,890.0,262.0,-20.057563270356347,-5.48197066874672,20.79321636393339,1,203.87474634498722
568,888.0,276.0,-17.513080621556565,122.59156435089595,123.83618066969363,1,218.01688196871828
569,885.25,287.5,-22.801664508604244,95.35241521779956,98.04080269066851,1,229.84111555910386
570,882.5,299.0,-22.792112506841978,95.31247048315737,97.99973174518024,1,241.66534914948943
571,879.75,310.5,-22.767907936163283,95.21125136941009,97.89565883694027,1,253.489582739875
572,877.0,322.0,-24.010408231662257,100.40716169604217,103.23806382970494,1,265.3138163302606
573,871.0,335.0,-52.23834769071095,113.18308666320706,124.65655247946914,1,279.63163739353695
574,869.0,348.0,-17.61080588579838,114.47023825768947,115.81699327266041,1,292.7845838315029
575,864.0,363.0,-43.289874577866584,129.86962373359975,136.89460328907856,0,308.59597213234474
576,862.0,374.5,-16.634788937120376,95.65003638844216,97.08576447704809,0,320.26858966227337
577,860.0,386.0,-16.613934254150212,95.53012196136372,96.96405010803876,0,331.941207192202
578,858.0,397.5,-16.541434394145845,95.1132477663386,96.54091853963658,0,343.61382472213063
579,856.0,409.0,-17.306054410681607,99.50981286141925,101.00347704401148,0,355.28644225205926
580,844.0,411.0,-104.89496883264663,17.482494805441107,106.3418643386704,0,367.4519673126556
581,842.0,411.0,-17.24656399249167,0.0,17.24656399249167,0,369.4519673126556
582,840.0,411.0,-17.410469600302193,0.0,17.410469600302193,0,371.4519673126556
583,840.0,411.0,0.0,0.0,0.0,0,371.4519673126556
584,837.0,411.0,-26.021569328951912,0.0,26.021569328951912,0,374.4519673126556
585,835.0,412.0,-17.41954427561918,8.70977213780959,19.47564256867591,0,376.6880352901553
586,831.0,413.0,-34.956247434623265,8.739061858655816,36.032075112044524,0,380.8111409157732
587,828.0,413.0,-26.18129157502908,0.0,26.18129157502908,0,383.8111409157732
588,823.0,417.0,-43.671651301828994,34.93732104146319,55.927001787891406,0,390.21426515320627
589,823.0,417.0,0.0,0.0,0.0,0,390.21426515320627
590,820.0,418.0,-26.181727386032847,8.727242462010949,27.59796387249011,0,393.3765428133747
591,817.0,420.0,-26.100644690225103,17.4004297934834,31.36907091775784,0,396.9820940888385
592,816.0,423.0,-8.737678245924691,26.213034737774073,27.63096471882688,0,400.14437174900695
593,809.0,427.0,-60.681983151315734,34.67541894360899,69.89054126340248,0,408.2066294973056
594,810.5057471264367,427.42528735632186,12.521633229842548,3.5366445000321245,13.011500799765745,0,409.77128401003984
595,812.0114942528736,427.85057471264366,12.499354198841061,3.530351949290508,12.988350175212592,0,411.3359385227741
596,813.5172413793103,428.2758620689655,6.16748602346478,1.7419617012840733,6.408768557092221,0,412.90059303550834
597,815.0229885057471,428.7011494252874,12.572434267642933,3.550992884754372,13.064289260490924,0,414.4652475482426
598,816.528735632184,429.1264367816092,12.470650065759058,3.5222446750612404,12.958523087667578,0,416.02990206097684
599,818.0344827586207,429.55172413793105,12.424894000189152,3.5093212061605525,12.91097696705964,0,417.5945565737111
600,819.5402298850574,429.97701149425285,12.478806083746086,3.524548283195247,12.966998182937825,0,419.15921108644534
601,821.0459770114943,430.4022988505747,12.38061306602725,3.4968143774275364,12.864963687506801,0,420.7238655991796
602,822.551724137931,430.82758620689657,12.48544225062401,3.526422620405514,12.97389396794096,0,422.28852011191384
603,824.0574712643678,431.2528735632184,12.412830356160846,3.5059139173887304,12.898441372777107,0,423.8531746246481
604,825.5632183908046,431.67816091954023,12.507002894084351,3.5325122677948095,12.99629810041133,0,425.41782913738234
605,827.0689655172414,432.1034482758621,12.46966516623192,3.5219664973329383,12.957499657197502,0,426.9824836501166
606,828.5747126436781,432.5287356321839,12.47942253052325,3.524722394117042,12.96763874616044,0,428.54713816285084
607,830.0804597701149,432.95402298850576,12.47212770679803,3.5226620240577176,12.960058536535145,0,430.1117926755851
608,831.5862068965517,433.37931034482756,12.505888424126047,3.532197493836648,12.995140030494314,0,431.67644718831934
609,833.0919540229885,433.8045977011494,12.36991917745319,3.4937939661511574,12.853851435839703,0,433.2411017010536
610,834.5977011494252,434.2298850574713,12.478855397247083,3.5245622114364576,12.967049425666907,0,434.80575621378784
611,836.1034482758621,434.6551724137931,12.517736731491395,3.535543962329151,13.007451863777584,0,436.3704107265221
612,837.6091954022988,435.08045977011494,12.478880054143737,3.5245691755981086,12.96707504718326,0,437.93506523925635
613,839.1149425287356,435.5057471264368,12.439602274190849,3.5134754514892763,12.926260653734007,0,439.4997197519906
614,840.6206896551724,435.9310344827586,12.522676016502334,3.5369390275612482,13.012584382011463,0,441.06437426472485
615,842.1264367816092,436.35632183908046,12.469640545736997,3.521959543452693,12.95747407350698,0,442.6290287774591
616,843.6321839080459,436.7816091954023,12.437838382342685,3.5129772530283447,12.924427755439368,0,444.19368329019335
617,845.1379310344828,437.2068965517241,12.487738181010878,3.52707108929267,12.976279719025829,0,445.7583378029276
618,846.6436781609195,437.632183908046,10.649900163574246,3.007987069101344,11.066542355314946,0,447.32299231566185
619,848.1494252873563,438.0574712643678,12.443058012010761,3.5144514995753466,12.929851585889631,0,448.8876468283961
620,849.6551724137931,438.48275862068965,12.315428691721651,3.478403523616032,12.797229189710768,1,0.0
621,851.1609195402299,438.9080459770115,12.376488516074572,3.4956494282045254,12.860677778151212,1,1.5646545127342506
622,852.6666666666666,439.3333333333333,12.301635388557175,3.4745077051647946,12.782896269087525,1,3.129309025468501
623,854.1724137931035,439.7586206896552,12.533984014691386,3.5401328896456516,13.024334768305446,1,4.693963538202752
624,855.6781609195402,440.18390804597703,12.432843404194202,3.5115664576734296,12.919237365257764,1,6.258618050937002
625,857.183908045977,440.60919540229884,12.547929617440658,3.544071724009744,13.038825946731933,1,7.823272563671253
626,858.6896551724138,441.0344827586207,12.191850034077435,3.443499627945528,12.668815924982686,1,9.387927076405504
627,860.1954022988506,441.4597701149425,12.61883164877838,3.5640974885860457,13.112501786019182,0,10.952581589139754
628,861.7011494252873,441.88505747126436,12.431864467125209,3.511289963997454,12.918220130507128,0,12.517236101874005
629,863.2068965517242,442.3103448275862,12.132967030468278,3.42686855059027,12.607629318212638,0,14.081890614608255
630,864.7126436781609,442.735632183908,12.28034657134052,3.468494833126503,12.760774597165334,0,15.646545127342506
631,866.2183908045977,443.1609195402299,12.508191880997844,3.532848088526368,12.997533602513395,0,17.211199640076757
632,867.7241379310345,443.58620689655174,12.554015626825283,3.5457906732254547,13.045150051145676,0,18.775854152811007
633,869.2298850574713,444.01149425287355,12.515528965280955,3.5349203947737977,13.005157726001416,0,20.340508665545258
634,870.735632183908,444.4367816091954,12.544066568816703,3.542980633940856,13.03481176908147,0,21.90516317827951
635,872.2413793103449,444.86206896551727,12.466637574645373,3.5211113760448693,12.954353621083241,0,23.46981769101376
636,873.7471264367816,445.28735632183907,12.483615984333408,3.5259068047351776,12.971996255009573,0,25.03447220374801
637,875.2528735632184,445.71264367816093,12.475921922093448,3.523733672652607,12.964001187980418,0,26.59912671648226
638,876.7586206896551,446.13793103448273,12.536820427548273,3.5409340138874668,13.027282146453144,0,28.16378122921651
639,878.264367816092,446.5632183908046,12.531745647818047,3.5395006791547083,13.022008832716372,0,29.72843574195076
640,879.7701149425287,446.98850574712645,12.495298496151127,3.5292064454780587,12.984135806541785,0,31.293090254685012
641,881.2758620689656,447.41379310344826,12.551321091306717,3.545029621208286,13.042350100818679,0,32.85774476741926
642,882.7816091954023,447.8390804597701,12.446196798768193,3.5153380271332595,12.933113167318872,0,34.42239928015351
643,884.2873563218391,448.264367816092,12.422156867971278,3.5085481230150464,12.908132753578203,0,35.987053792887764
644,885.7931034482758,448.6896551724138,12.416564162083487,3.506968503794362,12.902321251532285,0,37.551708305622014
645,887.2988505747127,449.11494252873564,12.061367512261057,3.4066457859057877,12.533228705184316,0,39.116362818356265
646,888.8045977011494,449.54022988505744,12.157724898698758,3.433861230929977,12.633355756319208,0,40.681017331090516
647,890.3103448275862,449.9655172413793,12.195616910915499,3.444563554991653,12.672730168443769,0,42.245671843824766
648,891.816091954023,450.39080459770116,12.172252804578253,3.4379645325907973,12.648452018563987,0,43.81032635655902
649,893.3218390804598,450.81609195402297,12.173332065161816,3.438269361915726,12.649573501655508,0,45.37498086929327
650,894.8275862068965,451.2413793103448,12.216352781177743,3.450420251172593,12.694277261187072,0,46.93963538202752
651,896.3333333333334,451.6666666666667,12.451791686930077,3.5169182627207016,12.938926937012953,0,48.50428989476177
652,897.8390804597701,452.0919540229885,12.442886405265435,3.514403030494606,12.929673265596817,0,50.06894440749602
653,899.3448275862069,452.51724137931035,12.423280901325121,3.5088655980844523,12.909300761026914,0,51.63359892023027
654,900.8505747126437,452.9425287356322,12.436417833208532,3.51257602922683,12.92295163200908,0,53.19825343296452
655,902.3563218390805,453.367816091954,12.497795904099359,3.5299118202415913,12.986730917332661,0,54.76290794569877
656,903.8620689655172,453.7931034482759,12.421497203989759,3.508361805707289,12.907447282420762,0,56.32756245843302
657,905.3678160919541,454.2183908045977,12.410342399517823,3.5052112120770773,12.89585608304236,0,57.89221697116727
658,906.8735632183908,454.64367816091954,12.487614722414305,3.5270362193081164,12.976151430519366,0,59.45687148390152
659,908.3793103448276,455.0689655172414,12.512479064316443,3.5340589723644458,13.001988507728614,0,61.02152599663577
660,909.8850574712644,455.4942528735632,12.334670910150683,3.4838383486680407,12.817224196422856,0,62.586180509370024
661,911.3908045977012,455.91954022988506,12.47032995634715,3.5221542624799884,12.958190455031716,0,64.15083502210427
662,912.8965517241379,456.3448275862069,12.513198012732301,3.534262034130757,13.002735582628207,0,65.71548953483853
663,914.4022988505747,456.7701149425287,12.511859347503885,3.533883937844396,13.001344546541135,0,67.28014404757278
664,915.9080459770115,457.1954022988506,12.507448737686996,3.5326381930871595,12.99676138617333,0,68.84479856030703
665,917.4137931034483,457.62068965517244,11.1599112859743,3.1520360120693085,11.596505979483576,0,70.40945307304128
666,918.9195402298851,458.04597701149424,12.283762164322532,3.469459542594443,12.764323813948838,0,71.97410758577553
667,920.4252873563219,458.4712643678161,12.438989755047823,3.5133024498992613,12.925624171801253,0,73.53876209850978
668,921.9310344827586,458.8965517241379,12.413684296663925,3.5061551066911267,12.899328720883766,0,75.10341661124403
669,923.4367816091954,459.32183908045977,12.455819191503076,3.5180558021805166,12.943112004408846,0,76.66807112397828
670,924.9425287356322,459.7471264367816,12.374524255836224,3.4950946371445752,12.858636672714406,0,78.23272563671253
671,926.448275862069,460.17241379310343,12.42763233888735,3.510094630067208,12.913822434220833,0,79.79738014944678
672,927.9540229885058,460.5977011494253,12.4276078840953,3.5100877229887417,12.91379702271582,0,81.36203466218103
673,929.4597701149426,461.0229885057471,12.478584177814684,3.524485607474164,12.966767595669303,0,82.92668917491528
674,930.9655172413793,461.44827586206895,12.377822628533972,3.4960262385938212,12.862064083357076,0,84.49134368764953
675,932.471264367816,461.8735632183908,12.469369726709417,3.5218830525823077,12.957192659578839,0,86.05599820038378
676,933.9770114942529,462.2988505747127,12.369119697375439,3.4935681588006893,12.853020678742686,0,87.62065271311803
677,935.4827586206897,462.7241379310345,12.45127615797845,3.5167726553066787,12.938391239692644,0,89.18530722585228
678,936.9885057471264,463.14942528735634,12.405052710213363,3.503717177694108,12.890359452103757,0,90.74996173858653
679,938.4942528735633,463.57471264367814,12.440606936184516,3.513759210982936,12.927304619811885,0,92.31461625132079
680,940.0,464.0,12.960979314354615,3.6607346155050076,13.468034849683336,0,93.87927076405504
681,942.0,460.0,17.197664501738505,-34.39532900347701,38.45514688012235,1,0.0
682,940.0,449.5,-16.491290013741747,-86.57927257214416,88.13587853671723,1,10.688779163216168
683,938.0,439.0,-17.255930010347047,-90.593632554322,92.22241256825538,1,21.377558326432336
684,939.2727272727273,434.3636363636364,10.491404750448599,-38.21868873377757,39.63253388527047,1,26.18543753449694
685,940.5454545454545,429.72727272727275,10.474359781630358,-38.15659634736827,39.56814448076929,1,30.993316742561547
686,941.8181818181819,425.09090909090907,10.44425527555395,-38.0469299323727,39.45442111525417,1,35.80119595062615
687,943.0909090909091,420.45454545454544,10.516372032231509,-38.30964097455818,39.72685077274372,1,40.60907515869076
688,944.3636363636364,415.8181818181818,10.558764428555047,-38.46407041830821,39.886993110565406,1,45.41695436675536
689,945.6363636363636,411.1818181818182,10.565347251510135,-38.48805070193031,39.91186051012094,1,50.22483357481997
690,946.9090909090909,406.54545454545456,10.463293813426144,-38.11628460605292,39.52634146484732,1,55.03271278288457
691,948.1818181818181,401.9090909090909,10.467397194635526,-38.13123263760185,39.54184247721869,1,59.84059199094918
692,949.4545454545455,397.27272727272725,10.574116181875498,-38.51999466254356,39.9449861913881,1,64.64847119901378
693,950.7272727272727,392.6363636363636,10.557427968611753,-38.45920188565764,39.88194447358602,1,69.45635040707839
694,952.0,388.0,10.958279035160404,-39.919445056656315,41.396207230177964,1,74.264229615143
695,954.0,382.0,17.35733277604084,-52.07199832812251,54.88870567778234,1,80.58878493547991
696,954.0,377.0,0.0,-43.55663925795002,43.55663925795002,1,85.58878493547991
697,955.0,377.0,8.683122136630224,0.0,8.683122136630224,0,86.58878493547991
698,955.0,376.0,0.0,-8.674771357542616,8.674771357542616,1,0.0
699,955.0,375.0,0.0,-8.661175183009302,8.661175183009302,0,1.0
700,954.0,370.0,-8.710369032043694,-43.55184516021847,44.41434166498509,0,6.099019513592793
701,955.0,369.0,8.66946395426228,-8.66946395426228,12.260473502622398,0,7.5132330759656725
702,956.0,367.0,8.673408025939757,-17.346816051879514,19.394329942593554,0,9.749301053465388
703,956.0,367.0,0.0,0.0,0.0,0,9.749301053465388
704,957.0,365.0,8.710423299212714,-17.420846598425427,19.47709860983762,0,11.985369030965103
705,957.0,365.0,0.0,0.0,0.0,0,11.985369030965103
706,957.0,364.0,0.0,-8.726007818302485,8.726007818302485,0,12.985369030965103
707,958.0,363.0,8.704837330544002,-8.704837330544002,12.310499011106938,0,14.399582593337982
708,958.0,363.0,0.0,0.0,0.0,0,14.399582593337982
709,958.0,363.0,0.0,0.0,0.0,0,14.399582593337982
710,963.0,362.0,43.282012333550725,-8.656402466710144,44.13916509526775,1,0.0
711,963.0,362.0,0.0,0.0,0.0,0,0.0
712,963.0,363.0,0.0,8.731057538786276,8.731057538786276,1,0.0
713,963.0,364.0,0.0,8.651135353435349,8.651135353435349,1,1.0
714,964.0,366.0,8.713463340251247,17.426926680502493,19.483896348254166,1,3.236067977499715
715,964.0,366.0,0.0,0.0,0.0,0,3.236067977499715
716,964.0,367.0,0.0,8.649280000659887,8.649280000659887,1,0.0
717,965.0,369.0,8.676206906537919,17.352413813075838,19.400588429871952,1,2.236067977499715
718,965.0,371.0,0.0,17.331834710743802,17.331834710743802,1,4.236067977499715
719,967.0,372.0,17.289397099680947,8.644698549840474,19.33013360243715,1,6.47213595499943
720,967.0,375.0,0.0,26.085223797983733,26.085223797983733,1,9.47213595499943
721,967.0,375.0,0.0,0.0,0.0,0,9.47213595499943
722,968.0,377.0,8.659834000908452,17.319668001816904,19.363977499895274,1,0.0
723,967.3086419753087,377.4938271604938,-5.634562729204326,4.024687663717442,6.924334476310187,1,0.849612372053798
724,966.6172839506173,377.98765432098764,-5.641973699264315,4.0299812137602915,6.933441844167378,1,1.699224744107596
725,965.925925925926,378.48148148148147,-5.7015783408934215,4.072555957781082,7.006690203412962,1,2.548837116161394
726,965.2345679012345,378.9753086419753,-5.6697286882032,4.049806205858829,6.967550050257771,1,3.398449488215192
727,964.5432098765432,379.4691358024691,-5.693842354996525,4.067030253569013,6.997183422420624,1,4.24806186026899
728,963.8518518518518,379.962962962963,-5.657648936754052,4.041177811967712,6.952705200099771,1,5.097674232322788
729,963.1604938271605,380.4567901234568,-5.702621113585695,4.073300795418421,7.007971670538466,1,5.947286604376586
730,962.4691358024692,380.95061728395063,-5.675332480780568,4.05380891484333,6.974436571183809,1,6.796898976430384
731,961.7777777777778,381.44444444444446,-5.7037652384366195,4.074118027454795,7.0093776896975735,1,7.646511348484182
732,961.0864197530864,381.9382716049383,-5.662045663978205,4.044318331412406,6.958108354055204,1,8.49612372053798
733,960.395061728395,382.4320987654321,-5.700502330307862,4.071787378791397,7.005367890120424,1,9.345736092591778
734,959.7037037037037,382.9259259259259,-5.695307332603329,4.068076666145302,6.998983738689577,1,10.195348464645576
735,959.0123456790124,383.41975308641975,-5.721253269555906,4.086609478254286,7.030868794264469,1,11.044960836699374
736,958.320987654321,383.91358024691357,-5.667213359277558,4.0480095423411795,6.964458953462162,1,11.894573208753172
737,957.6296296296297,384.4074074074074,-5.720147253209923,4.085819466578584,7.029509606784639,1,12.74418558080697
738,956.9382716049382,384.9012345679012,-5.707346397774077,4.076675998409452,7.013778589333458,1,13.593797952860768
739,956.2469135802469,385.39506172839504,-5.69175243272391,4.065537451945717,6.994615109396072,1,14.443410324914566
740,955.5555555555555,385.8888888888889,-5.696940944265635,4.069243531618846,7.000991289958304,1,15.293022696968364
741,954.8641975308642,386.38271604938274,-5.701869830335975,4.072764164525764,7.00704841584107,1,16.142635069022162
742,954.1728395061729,386.87654320987656,-5.717474266122579,4.083910190087623,7.026224763304648,1,16.99224744107596
743,953.4814814814815,387.3703703703704,-5.704808811287355,4.074863436633892,7.0106601401407005,1,17.84185981312976
744,952.7901234567901,387.8641975308642,-5.66749026851506,4.048207334653015,6.964799248223266,1,18.691472185183557
745,952.0987654320987,388.358024691358,-5.721253269555906,4.086609478254286,7.030868794264469,1,19.541084557237355
746,951.4074074074074,388.85185185185185,-5.677677149800942,4.055483678429312,6.977317943406212,1,20.390696929291153
747,950.716049382716,389.34567901234567,-5.625293612438306,4.018066866027428,6.912943625258829,1,21.24030930134495
748,950.0246913580247,389.8395061728395,-5.6917859487795734,4.065561391985476,6.994656297397855,1,22.08992167339875
749,949.3333333333334,390.3333333333333,-5.689139395950939,4.06367099710788,6.991403939073808,1,22.939534045452547
750,948.641975308642,390.82716049382714,-5.483464559576009,3.916760399697214,6.738649390253391,1,23.789146417506345
751,947.9506172839506,391.320987654321,-5.770310603892811,4.121650431351872,7.091155529507224,1,24.638758789560143
752,947.2592592592592,391.81481481481484,-5.767946183489183,4.119961559635199,7.088249884738766,1,25.48837116161394
753,946.5679012345679,392.30864197530866,-5.829459903936782,4.163899931383484,7.163844317835363,1,26.33798353366774
754,945.8765432098766,392.8024691358025,-5.788868361268514,4.134905972334721,7.113961224532009,1,27.187595905721537
755,945.1851851851852,393.2962962962963,-5.841226128898045,4.1723043777843865,7.178303874161361,1,28.037208277775335
756,944.4938271604939,393.7901234567901,-5.804070239717429,4.145764456941089,7.132642867830239,1,28.886820649829133
757,943.8024691358024,394.28395061728395,-5.779200230380446,4.12800016455685,7.102080023585399,1,29.73643302188293
758,943.1111111111111,394.77777777777777,-5.785149574946653,4.132249696390534,7.109391194597825,1,30.58604539393673
759,942.4197530864197,395.2716049382716,-5.816760701989263,4.154829072849542,7.148238222723302,1,31.435657765990527
760,941.7283950617284,395.7654320987654,-5.792522504559454,4.137516074685392,7.118451814412158,1,32.285270138044325
761,941.0370370370371,396.25925925925924,-5.786303965923868,4.13307426137426,7.110809829836589,1,33.13488251009812
762,940.3456790123457,396.75308641975306,-5.77854378576009,4.127531275542989,7.10127331642235,1,33.98449488215192
763,939.6543209876543,397.2469135802469,-5.831241749424294,4.1651726781595935,7.166034034186278,1,34.83410725420572
764,938.9629629629629,397.74074074074076,-5.798534108923236,4.141810077802856,7.1258394967144385,1,35.68371962625952
765,938.2716049382716,398.2345679012346,-5.771022605120674,4.122159003657692,7.092030510386287,1,36.533331998313315
766,937.5802469135803,398.7283950617284,-5.715918993749404,4.082799281249642,7.024313483471377,1,37.38294437036711
767,936.8888888888889,399.22222222222223,-5.8377923478376985,4.169851677026996,7.174084088221802,1,38.23255674242091
768,936.1975308641976,399.71604938271605,-5.811444918873661,4.151032084909827,7.141705637664809,1,39.08216911447471
769,935.5061728395062,400.2098765432099,-5.821782308774105,4.158415934838715,7.154409293427074,1,39.93178148652851
770,934.8148148148148,400.7037037037037,-5.764827197064595,4.117733712188387,7.084416951062973,1,40.781393858582305
771,934.1234567901234,401.1975308641975,-5.782888304250338,4.130634503036023,7.106612310876892,1,41.6310062306361
772,933.4320987654321,401.69135802469134,-5.703697924266446,4.074069945904671,7.009294967070871,1,42.4806186026899
773,932.7407407407408,402.18518518518516,-5.774033325624015,4.124309518302936,7.095730395680273,1,43.3302309747437
774,932.0493827160494,402.679012345679,-5.724042780599425,4.088601986142514,7.034296834454806,1,44.1798433467975
775,931.358024691358,403.17283950617286,-5.773320581351588,4.123800415250998,7.094854501671063,1,45.029455718851295
776,930.6666666666666,403.6666666666667,-5.76116211709015,4.115115797921604,7.07991292105338,1,45.87906809090509
777,929.9753086419753,404.1604938271605,-5.752955528828574,4.109253949163335,7.069827815116414,1,46.72868046295889
778,929.283950617284,404.65432098765433,-5.7689904214985575,4.120707443927609,7.0895331525977445,1,47.57829283501269
779,928.5925925925926,405.14814814814815,-5.741053090015077,4.100752207153694,7.055200865095731,1,48.42790520706649
780,927.9012345679013,405.641975308642,-5.731883764600159,4.0942026890001815,7.043932647995948,1,49.277517579120286
781,927.2098765432099,406.1358024691358,-5.759377079789677,4.113840771278408,7.077719282271598,1,50.12712995117408
782,926.5185185185185,406.6296296296296,-5.748997766424057,4.106426976016576,7.06496410661126,1,50.97674232322788
783,925.8271604938271,407.12345679012344,-5.731238024490146,4.093741446064457,7.0431390956439035,1,51.82635469528168
784,925.1358024691358,407.61728395061726,-5.751871449955638,4.108479607111238,7.068495586676396,1,52.67596706733548
785,924.4444444444445,408.1111111111111,-5.786246235433415,4.1330330253096506,7.110738884628489,1,53.525579439389276
786,923.7530864197531,408.60493827160496,-5.7752753005277535,4.125196643234653,7.097256663122757,1,54.375191811443074
787,923.0617283950618,409.0987654320988,-5.753183808032461,4.10941700573754,7.070108348254062,1,55.22480418349687
788,922.3703703703703,409.5925925925926,-5.729845080916814,4.092746486368547,7.041427302258307,1,56.07441655555067
789,921.679012345679,410.08641975308643,-5.7715739525637515,4.12255282325989,7.0927080632492165,1,56.92402892760447
790,920.9876543209876,410.58024691358025,-5.750149175669322,4.1072494111924405,7.06637907758926,1,57.773641299658266
791,920.2962962962963,411.0740740740741,-5.728362283776333,4.0916873455545915,7.03960508750049,1,58.623253671712064
792,919.604938271605,411.5679012345679,-5.725568562104701,4.089691830074854,7.036171872854067,1,59.47286604376586
793,918.9135802469136,412.0617283950617,-5.777403999471993,4.126717142480063,7.099872628938761,1,60.32247841581966
794,918.2222222222222,412.55555555555554,-5.715175466899487,4.082268190641887,7.023399760641307,1,61.17209078787346
795,917.5308641975308,413.04938271604937,-5.760441103461878,4.114600788187124,7.079026864803043,1,62.021703159927256
796,916.8395061728395,413.5432098765432,-5.7192672600622565,4.0851909000445366,7.028428180029068,1,62.871315531981054
797,916.1481481481482,414.03703703703707,-5.746741885826766,4.104815632733944,7.06219184680314,1,63.72092790403485
798,915.4567901234568,414.53086419753083,-5.72088078772039,4.086343419799876,7.030411049992029,1,64.5705402760882
799,914.7654320987655,415.0246913580247,-5.768496943235364,4.120354959454374,7.088926715379134,1,65.420152648142
800,914.0740740740741,415.51851851851853,-5.7355343643525245,4.096810260251871,7.048418883208753,1,66.26976502019579
801,913.3827160493827,416.01234567901236,-5.7322576806508065,4.094469771892827,7.044392154779876,1,67.11937739224959
802,912.6913580246913,416.5061728395062,-5.676165672073133,4.054404051480876,6.975460482970711,1,67.96898976430339
803,912.0,417.0,-6.053146175240183,4.323675839457345,7.438733184053051,1,68.81860213635719
804,904.0,418.0,-69.91773925690698,8.739717407113373,70.4618543834395,1,76.88085988465582
805,903.0,418.0,-8.586668086073368,0.0,8.586668086073368,1,77.88085988465582
806,898.0,419.0,-43.541898513412505,8.708379702682501,44.4041980357534,1,82.97987939824861
807,889.0,421.5,-75.0940666738282,20.859462964952275,77.93738541162111,1,92.32065024438316
808,880.0,424.0,-78.49193949160473,21.803316525445755,81.46391333997228,1,101.6614210905177
809,875.0,426.0,-43.75374498234955,17.50149799293982,47.12422553185734,1,107.04658589765177
810,867.0,429.0,-69.90128034731453,26.212980130242943,74.65460013624325,1,115.59058964296901
811,867.0,429.0,0.0,0.0,0.0,0,115.59058964296901
812,861.0,432.0,-52.44606349590073,26.223031747950365,58.63648156455215,1,0.0
813,855.1666666666666,435.5,-48.43016354676194,29.058098128056976,56.47879078013177,1,6.8027772106524935
814,849.3333333333334,439.0,-48.273264948697744,28.96395896921902,56.29581714459586,1,13.605554421304987
815,843.5,442.5,-48.47670222489953,29.08602133493953,56.53306373882577,1,20.40833163195748
816,837.6666666666666,446.0,-48.2058314353194,28.923498861191455,56.21717683007367,1,27.211108842609974
817,831.8333333333334,449.5,-48.40678404271323,29.044070425628313,56.45152582744538,1,34.01388605326247
818,826.0,453.0,-50.51027542431232,30.306165254587192,58.90459723891028,1,40.81666326391496
819,817.0,459.0,-78.48214809193634,52.32143206129089,94.32380305134491,1,51.63331709030717
820,810.0,467.0,-61.31933743658718,70.07924278467107,93.11907115588576,1,62.26346290304173
821,803.0,471.0,-60.669318526998346,34.668182015427625,69.87595476832645,1,70.3257206513399
822,797.6666666666666,475.0,-44.14905805854042,33.11179354390508,55.18632257317538,1,76.99238731800688
823,792.3333333333334,479.0,-44.39738281896004,33.2980371142205,55.496728523700334,1,83.65905398467385
824,787.0,483.0,-46.27903884719071,34.70927913539279,57.84879855898824,1,90.32572065134082
825,781.0,490.0,-51.91120205616499,60.563069065525816,79.76627253138784,1,99.54526510863343
826,774.0,498.5,-57.9287179972851,70.34201471098905,91.1248341694512,1,110.55662288140593
827,767.0,507.0,-60.794566612829755,73.82197374415041,95.63296051636082,1,121.56798065417843
828,763.0,516.0,-34.84444296754443,78.39999667697496,85.79449099253485,1,131.41683845597436
829,763.0,515.0,0.0,-8.697310332958011,8.697310332958011,1,132.41683845597436
830,755.0,523.0,-69.58208979984572,69.58208979984572,98.40393509320441,1,143.7305469549592
831,744.0,533.0,-95.26682855113401,86.6062077737582,128.74938387092396,1,158.59661570227763
832,744.375,527.0,3.123476354450892,-49.97562167121427,50.073135172077606,1,164.608323030483
833,744.75,521.0,3.1192579768088007,-49.90812762894081,50.00550943398668,1,170.62003035868838
834,745.125,515.0,3.117310596601382,-49.87696954562211,49.974290554350034,1,176.63173768689376
835,745.5,509.0,3.1048863252773025,-49.67818120443684,49.77511433310581,1,182.64344501509913
836,745.875,503.0,3.092402609403447,-49.478441750455154,49.57498514323357,1,188.6551523433045
837,746.25,497.0,3.120755712786284,-49.93209140458055,50.02951996825749,1,194.66685967150988
838,746.625,491.0,3.106364153447513,-49.70182645516021,49.79880572094764,1,200.67856699971526
839,747.0,485.0,3.241574886236233,-51.865198179779725,51.96639866270227,1,206.69027432792063
840,755.0,474.0,69.61485972020805,-95.72043211528607,118.35805768177059,1,220.2917448366561
841,755.0,473.0,0.0,-8.648352622669249,8.648352622669249,1,221.2917448366561
842,757.0,460.0,17.372897924018755,-112.9238365061219,114.25239793343387,1,234.44469127462162
843,759.3333333333334,450.8333333333333,19.416995352110384,-76.281053169004,78.71352349549784,1,243.90366702373012
844,761.6666666666666,441.6666666666667,19.45629179008969,-76.43543203249737,78.87282523287496,1,253.36264277283863
845,764.0,432.5,19.341208121954796,-75.98331762196419,78.40629367886906,1,262.82161852194713
846,766.3333333333334,423.3333333333333,19.48352169755447,-76.5424066689629,78.9832111047403,1,272.28059427105563
847,768.6666666666666,414.1666666666667,19.403521432998694,-76.22811991535417,78.65890229230544,0,281.73957002016414
848,771.0,405.0,20.17653567094281,-79.26496156441705,81.79258354820038,0,291.19854576927264
849,774.75,394.75,31.109906780884643,-85.03374520108468,90.54592272895741,0,302.1129857457445
850,778.5,384.5,31.039672249554492,-84.84177081544895,90.34150390856314,0,313.0274257222163
851,782.25,374.25,31.202418644511628,-85.28661096166512,90.81518011100228,0,323.94186569868816
852,786.0,364.0,32.51855557990581,-88.8840519184092,94.64581946624945,0,334.85630567516
853,786.0,364.0,0.0,0.0,0.0,0,334.85630567516
854,789.0,356.0,26.12242728725944,-69.6598060993585,74.39670552637651,0,343.40030942047724
855,792.0,346.0,26.178295767087892,-87.26098589029297,91.10314389643774,1,0.0
856,795.0,340.0,26.189574465870894,-52.37914893174179,58.56166880748007,0,6.7082039324996
857,802.0,329.0,61.00679050824918,-95.86781365582014,113.6330329757349,0,19.746608742904755
858,805.0,325.0,26.256738991623994,-35.00898532216532,43.761231652706655,0,24.746608742904755
859,805.0,325.0,0.0,0.0,0.0,0,24.746608742904755
860,808.0,319.0,26.272802250001565,-52.54560450000313,58.747771790412926,1,0.0
861,812.0,312.5,32.90902029399419,-53.47715797774055,62.79179916268319,1,7.632168761237153
862,816.0,306.0,33.114996003039664,-53.811868504939454,63.184809505720814,1,15.264337522474307
863,820.0,299.5,33.19414277432745,-53.9404820082821,63.335824884564666,1,22.89650628371146
864,824.0,293.0,34.96251221702861,-56.81408235267149,66.70994838929208,1,30.528675044948614
865,824.0,293.0,0.0,0.0,0.0,0,30.528675044948614
866,824.0,287.0,0.0,-52.7834387289602,52.7834387289602,1,0.0
867,825.0,284.0,8.740901285407045,-26.222703856221138,27.641156864579774,1,3.1622776601680016
868,832.0,280.0,61.80207844367216,-35.315473396384085,71.18061225620723,0,11.224535408466181
869,834.0,276.0,17.487852368861038,-34.975704737722076,39.104026677254005,1,0.0
870,840.0,275.0,52.76628436038832,-8.794380726731386,53.494129561738504,0,6.082762530298169
871,840.0,275.0,0.0,0.0,0.0,0,6.082762530298169
872,844.0,272.0,35.27241000153475,-26.454307501151064,44.09051250191844,1,0.0
873,850.5,267.5,53.755739760708565,-37.215512142029006,65.38099036581299,1,7.905694150421368
874,857.0,263.0,56.80638762481039,-39.32749912486873,69.09137328492437,1,15.811388300842736
875,857.0,262.0,0.0,-8.767137948044782,8.767137948044782,1,16.811388300842736
876,860.0,261.0,26.482145525490008,-8.827381841830002,27.91463239619502,0,19.973665961010738
877,860.0,261.0,0.0,0.0,0.0,0,19.973665961010738
878,861.0,258.0,8.813414582895566,-26.440243748686697,27.870464045292863,1,0.0
879,861.0,260.0,0.0,17.4766307631409,17.4766307631409,0,2.0
880,862.0,258.0,8.763675796749276,-17.52735159349855,19.596174814301012,1,0.0
881,876.55,271.7,120.56907651548191,113.52552221732687,165.604789805467,0,19.98480672911319
882,891.1,285.4,119.9703612255134,112.96178342196045,164.78243864699317,0,39.96961345822638
883,905.65,299.1,120.47077848755914,113.43296668588115,165.4697748852,0,59.954420187339565
884,920.2,312.8,120.34890245225216,113.3182105564155,165.30237495320455,0,79.93922691645275
885,934.75,326.5,121.25710221007061,114.17335397099458,166.5498111478051,1,0.0
886,949.3,340.2,120.97370922916473,113.90651659378422,166.16056345352388,1,19.98480672911319
887,963.85,353.9,120.61292198231195,113.56680626513159,165.665012704473,1,39.96961345822638
888,978.4,367.6,120.25617605561605,113.2309011657698,165.1750128146859,1,59.954420187339565
889,992.95,381.3,120.93487321353608,113.86994934882716,166.10722116716815,1,79.93922691645275
890,1007.5,395.0,120.292680388392,113.26527294302228,165.22515247346928,1,99.92403364556594
891,1022.05,408.7,120.10423405586853,113.08783550277683,164.96631649173102,1,119.90884037467913
892,1036.6,422.4,120.15578499704628,113.13637487694419,165.03712306191252,1,139.89364710379232
893,1051.15,436.1,121.14036349777432,114.06343504601325,166.38946746374597,1,159.8784538329055
894,1065.7,449.79999999999995,120.60672449263896,113.56097082812033,165.6565002898121,1,179.8632605620187
895,1080.25,463.5,119.93240233783858,112.9260420638075,164.73030111889557,1,199.84806729113188
896,1094.8,477.2,119.96234306168986,112.95423367320653,164.7714254886202,1,219.83287402024507
897,1109.35,490.9,119.98734440527436,112.97777445720017,164.8057654899607,1,239.81768074935826
898,1123.9,504.6,120.74847241925966,113.69443794803038,165.851194785878,1,259.80248747847145
899,1138.45,518.3,119.95267552480503,112.94513090651725,164.75814687307417,1,279.78729420758464
900,1153.0,532.0,125.10582775048955,117.79723987503216,171.83613665149431,1,299.7721009366978
901,1152.0,532.0,-8.586826298269248,0.0,8.586826298269248,0,300.7721009366978
902,1166.0,523.0,119.86489945640525,-77.05600679340337,142.49639400574026,1,0.0
903,1176.0,514.0,85.48934721772115,-76.94041249594903,115.01415374969673,1,13.45362404707339
904,1191.0,504.0,129.548456176837,-86.36563745122466,155.69786713426177,1,31.481380424393137
905,1202.4285714285713,499.7142857142857,94.01138858474172,-35.25427071927838,100.40420702131698,1,43.687100060560624
906,1213.857142857143,495.42857142857144,94.9271788285196,-35.59769206069438,101.38227143041215,1,55.89281969672902
907,1225.2857142857142,491.14285714285717,95.23421257952911,-35.71282971732366,101.71018362023293,1,68.09853933289651
908,1236.7142857142858,486.85714285714283,94.8360923081282,-35.56353461554808,101.28499098399081,1,80.3042589690649
909,1248.142857142857,482.57142857142856,94.84322267208228,-35.56620850203109,101.29260621603203,1,92.50997860523239
910,1259.5714285714287,478.2857142857143,94.87720044324952,-35.5789501662181,101.32889449154558,1,104.71569824140079
911,1271.0,474.0,93.51235914035651,-35.06713467763392,99.87124334108559,1,116.92141787756827
912,1282.4285714285713,469.7142857142857,95.0088356456639,-35.62831336712419,101.46948094935134,1,129.12713751373576
913,1293.857142857143,465.42857142857144,94.2320526394138,-35.337019739779706,100.63987633501361,1,141.33285714990416
914,1305.2857142857142,461.14285714285717,93.80276792039116,-35.176037970146915,100.18140005412174,1,153.53857678607164
915,1316.7142857142858,456.8571428571429,94.09073803943713,-35.28402676478846,100.48895227608003,1,165.74429642224004
916,1328.142857142857,452.57142857142856,94.15616353789521,-35.308561326711406,100.55882673906358,1,177.95001605840753
917,1339.5714285714287,448.2857142857143,94.89203815315668,-35.58451430743328,101.34474117267293,1,190.15573569457592
918,1351.0,444.0,97.82693130191093,-36.68509923821684,104.47920842955607,1,202.3614553307434
919,1351.0,444.0,0.0,0.0,0.0,0,202.3614553307434
920,1351.0,444.0,0.0,0.0,0.0,0,202.3614553307434
921,1351.0,444.0,0.0,0.0,0.0,0,202.3614553307434
922,1351.0,444.0,0.0,0.0,0.0,0,202.3614553307434
923,1351.0,444.0,0.0,0.0,0.0,0,202.3614553307434
924,1351.0,444.0,0.0,0.0,0.0,0,202.3614553307434
925,1351.0,444.0,0.0,0.0,0.0,0,202.3614553307434
926,1351.0,444.0,0.0,0.0,0.0,0,202.3614553307434
927,1351.0,444.0,0.0,0.0,0.0,0,202.3614553307434
928,1351.0,444.0,0.0,0.0,0.0,0,202.3614553307434
